referencia;variante;descricao;detalhes;preco_unitario;porcentagem_imposto;pagina
ARA-003-ROCHA;;ARANDELA 20CM - ROCHA SELENITA - FITA DE LED 3000K - 6W;;724.50;9.75;1
ARA-003-ROCHA;FOLHA DE OURO;ARANDELA 20CM - ROCHA SELENITA - FITA DE LED 3000K - 6W;;833.18;9.75;1
ARA-002-ROCHA;;ARANDELA 15CM - ROCHA SELENITA - FITA DE LED 3000K - 4W;;541.53;9.75;1
ARA-002-ROCHA;FOLHA DE OURO;ARANDELA 15CM - ROCHA SELENITA - FITA DE LED 3000K - 4W;;622.75;9.75;1
ARA-001-ROCHA;;ARANDELA 10CM - ROCHA SELENITA - FITA DE LED 3000K - 2W;;375.87;9.75;1
ARA-001-ROCHA;FOLHA DE OURO;ARANDELA 10CM - ROCHA SELENITA - FITA DE LED 3000K - 2W;;432.25;9.75;1
ARA-004-ONIX;;ARANDELA 25CM - ONIX - FITA DE LED 3000K - 8W;;1484.90;9.75;1
ARA-004-ONIX;FOLHA DE OURO;ARANDELA 25CM - ONIX - FITA DE LED 3000K - 8W;;1707.64;9.75;1
ARA-003-ONIX;;ARANDELA 20CM - ONIX - FITA DE LED 3000K - 6W;;940.01;9.75;1
ARA-003-ONIX;FOLHA DE OURO;ARANDELA 20CM - ONIX - FITA DE LED 3000K - 6W;;1081.02;9.75;1
ARA-002-ONIX;;ARANDELA 15CM - ONIX - FITA DE LED 3000K - 4W;;621.81;9.75;1
ARA-002-ONIX;FOLHA DE OURO;ARANDELA 15CM - ONIX - FITA DE LED 3000K - 4W;;715.08;9.75;1
ARA-001-ONIX;;ARANDELA 10CM - ONIX - FITA DE LED 3000K - 2W;;399.33;9.75;1
ARA-001-ONIX;FOLHA DE OURO;ARANDELA 10CM - ONIX - FITA DE LED 3000K - 2W;;459.23;9.75;1
A0209;;ARANDELA Ø40CM - CUPULA ONIX DE Ø25CM - FITA DE LED 3000K - 6W - COM BASE;;2070.21;9.75;1
A0209;FOLHA DE OURO;ARANDELA Ø40CM - CUPULA ONIX DE Ø25CM - FITA DE LED 3000K - 6W - COM BASE;;2380.74;9.75;1
A0210;;ARANDELA Ø30CM - CUPULA ONIX DE Ø20CM - FITA DE LED 3000K - 4W - COM BASE;;1377.59;9.75;1
A0210;FOLHA DE OURO;ARANDELA Ø30CM - CUPULA ONIX DE Ø20CM - FITA DE LED 3000K - 4W - COM BASE;;1584.23;9.75;1
A0211;;ARANDELA Ø40CM - CUPULA ROCHA SELENITA DE Ø20CM - FITA DE LED 3000K - 6W - COM BASE;;1260.69;9.75;1
A0211;FOLHA DE OURO;ARANDELA Ø40CM - CUPULA ROCHA SELENITA DE Ø20CM - FITA DE LED 3000K - 6W - COM BASE;;1449.80;9.75;1
A0212;;ARANDELA Ø30CM - CUPULA ROCHA SELENITA DE Ø15CM - FITA DE LED 3000K - 4W - COM BASE;;923.95;9.75;1
A0212;FOLHA DE OURO;ARANDELA Ø30CM - CUPULA ROCHA SELENITA DE Ø15CM - FITA DE LED 3000K - 4W - COM BASE;;1062.54;9.75;1
L0117;;RED. 60CM - 6 CUPULAS SELENITA - FITA DE LED 3000K 18W - PEND 2M;;2894.92;9.75;1
L0117;FOLHA DE OURO;RED. 60CM - 6 CUPULAS SELENITA - FITA DE LED 3000K 18W - PEND 2M;;3329.16;9.75;1
L0114;;RED. 80CM - 8 CUPULAS SELENITA - FITA DE LED 3000K 24W - PEND 2M;;3046.45;9.75;1
L0114;FOLHA DE OURO;RED. 80CM - 8 CUPULAS SELENITA - FITA DE LED 3000K 24W - PEND 2M;;3503.42;9.75;1
L0118;;RED. 100CM - 10 CUPULAS SELENITA - FITA DE LED 3000K 30W - PEND 2M;;3793.01;9.75;1
L0118;FOLHA DE OURO;RED. 100CM - 10 CUPULAS SELENITA - FITA DE LED 3000K 30W - PEND 2M;;4361.96;9.75;1
L0120;;RED. 60CM - 6 CUPULAS ONIX - FITA DE LED 3000K 18W - PEND 2M;;3290.05;9.75;1
L0120;FOLHA DE OURO;RED. 60CM - 6 CUPULAS ONIX - FITA DE LED 3000K 18W - PEND 2M;;3783.55;9.75;1
L0116;;RED. 80CM - 8 CUPULAS ONIX - FITA DE LED 3000K 24W - PEND 2M;;3461.98;9.75;1
L0116;FOLHA DE OURO;RED. 80CM - 8 CUPULAS ONIX - FITA DE LED 3000K 24W - PEND 2M;;3981.27;9.75;1
L0121;;RED. 100CM - 10 CUPULAS ONIX - FITA DE LED 3000K 30W - PEND 2M;;4536.05;9.75;1
L0121;FOLHA DE OURO;RED. 100CM - 10 CUPULAS ONIX - FITA DE LED 3000K 30W - PEND 2M;;5216.46;9.75;1
L0115;;OVAL 120X50CM - 4 CUPULAS SELENITA - FITA DE LED 3000K 24W E 4 LAMP GU10 - PEND 2M;;2338.61;9.75;1
L0115;FOLHA DE OURO;OVAL 120X50CM - 4 CUPULAS SELENITA - FITA DE LED 3000K 24W E 4 LAMP GU10 - PEND 2M;;2689.41;9.75;1
L0119;;OVAL 150X50CM - 4 CUPULAS SELENITA - FITA DE LED 3000K 24W E 4 LAMP GU10 - PEND 2M;;2369.90;9.75;1
L0119;FOLHA DE OURO;OVAL 150X50CM - 4 CUPULAS SELENITA - FITA DE LED 3000K 24W E 4 LAMP GU10 - PEND 2M;;2725.38;9.75;1
L0115DF-ONIX;;OVAL 120X50CM - 4 CUPULAS ONIX - FITA DE LED 3000K 24W E 4 LAMP GU10 - PEND 2M;;2635.83;9.75;1
L0115DF-ONIX;FOLHA DE OURO;OVAL 120X50CM - 4 CUPULAS ONIX - FITA DE LED 3000K 24W E 4 LAMP GU10 - PEND 2M;;3031.20;9.75;1
L0119DF-ONIX;;OVAL 150X50CM - 4 CUPULAS ONIX - FITA DE LED 3000K 24W E 4 LAMP GU10 - PEND 2M;;2667.11;9.75;1
L0119DF-ONIX;FOLHA DE OURO;OVAL 150X50CM - 4 CUPULAS ONIX - FITA DE LED 3000K 24W E 4 LAMP GU10 - PEND 2M;;3067.18;9.75;1
A0112;;ARANDELA COM PRATELEIRA - CUPULA SELENITA Ø10CM - FITA DE LED 3000K 2W - ENTRADA USBC;;714.10;9.75;1
A0112;FOLHA DE OURO;ARANDELA COM PRATELEIRA - CUPULA SELENITA Ø10CM - FITA DE LED 3000K 2W - ENTRADA USBC;;821.21;9.75;1
A0112-ONIX;;ARANDELA COM PRATELEIRA - CUPULA ONIX Ø10CM - FITA DE LED 3000K 2W - ENTRADA USBC;;741.29;9.75;1
A0112-ONIX;FOLHA DE OURO;ARANDELA COM PRATELEIRA - CUPULA ONIX Ø10CM - FITA DE LED 3000K 2W - ENTRADA USBC;;852.48;9.75;1
A0113;;ARANDELA COM SUPORTE P/ INCENSO - CUPULA SELENITA Ø10CM - FITA DE LED 3000K 2W;;619.85;9.75;1
A0113;FOLHA DE OURO;ARANDELA COM SUPORTE P/ INCENSO - CUPULA SELENITA Ø10CM - FITA DE LED 3000K 2W;;712.83;9.75;1
A0113-ONIX;;ARANDELA COM SUPORTE P/ INCENSO - CUPULA ONIX Ø10CM - FITA DE LED 3000K 2W;;647.12;9.75;1
A0113-ONIX;FOLHA DE OURO;ARANDELA COM SUPORTE P/ INCENSO - CUPULA ONIX Ø10CM - FITA DE LED 3000K 2W;;744.18;9.75;1
L0202;;200X35CM DE ALT - CUPULA DE ROCHA SELENITA Ø10CM - FITA DE LED 3000K 22W;;2358.45;9.75;1
L0202;FOLHA DE OURO;200X35CM DE ALT - CUPULA DE ROCHA SELENITA Ø10CM - FITA DE LED 3000K 22W;;2712.22;9.75;1
L0203;;150X35CM DE ALT - CUPULA DE ROCHA SELENITA Ø10CM - FITA DE LED 3000K 16W;;1786.70;9.75;1
L0203;FOLHA DE OURO;150X35CM DE ALT - CUPULA DE ROCHA SELENITA Ø10CM - FITA DE LED 3000K 16W;;2054.71;9.75;1
L0204;;120X35CM DE ALT - CUPULA DE ROCHA SELENITA Ø10CM - FITA DE LED 3000K 12W;;1429.37;9.75;1
L0204;FOLHA DE OURO;120X35CM DE ALT - CUPULA DE ROCHA SELENITA Ø10CM - FITA DE LED 3000K 12W;;1643.78;9.75;1
L0202-ONIX;;200X35CM DE ALT - CUPULA DE ONIX Ø10CM - FITA DE LED 3000K 22W;;2590.75;9.75;1
L0202-ONIX;FOLHA DE OURO;200X35CM DE ALT - CUPULA DE ONIX Ø10CM - FITA DE LED 3000K 22W;;2979.36;9.75;1
L0203-ONIX;;150X35CM DE ALT - CUPULA DE ONIX Ø10CM - FITA DE LED 3000K 16W;;1962.67;9.75;1
L0203-ONIX;FOLHA DE OURO;150X35CM DE ALT - CUPULA DE ONIX Ø10CM - FITA DE LED 3000K 16W;;2257.07;9.75;1
L0204-ONIX;;120X35CM DE ALT - CUPULA DE ONIX Ø10CM - FITA DE LED 3000K 12W;;1570.16;9.75;1
L0204-ONIX;FOLHA DE OURO;120X35CM DE ALT - CUPULA DE ONIX Ø10CM - FITA DE LED 3000K 12W;;1805.68;9.75;1
PL0116-ONIX;;4,5X4,5X150CM DE ALT. - 2 CUPULAS ONIX - FITA DE LED 3000K;;929.39;9.75;1
PL0116-ONIX;FOLHA DE OURO;4,5X4,5X150CM DE ALT. - 2 CUPULAS ONIX - FITA DE LED 3000K;;1068.80;9.75;1
PL0116;;4,5X4,5X150CM DE ALT. - 2 CUPULAS SELENITA - FITA DE LED 3000K;;736.00;9.75;1
PL0116;FOLHA DE OURO;4,5X4,5X150CM DE ALT. - 2 CUPULAS SELENITA - FITA DE LED 3000K;;846.40;9.75;1
P0205;;PENDENTE Ø10CM - CUPULA SELENITA - FITA DE LED 3000K 2W - PEND 2M;;391.07;9.75;1
P0205;FOLHA DE OURO;PENDENTE Ø10CM - CUPULA SELENITA - FITA DE LED 3000K 2W - PEND 2M;;449.73;9.75;1
P0206;;PENDENTE Ø15CM - CUPULA SELENITA - FITA DE LED 3000K 4W - PEND 2M;;592.47;9.75;1
P0206;FOLHA DE OURO;PENDENTE Ø15CM - CUPULA SELENITA - FITA DE LED 3000K 4W - PEND 2M;;681.35;9.75;1
P0207;;PENDENTE Ø20CM - CUPULA SELENITA - FITA DE LED 3000K 6W - PEND 2M;;790.75;9.75;1
P0207;FOLHA DE OURO;PENDENTE Ø20CM - CUPULA SELENITA - FITA DE LED 3000K 6W - PEND 2M;;909.36;9.75;1
P0208;;PENDENTE Ø10CM - CUPULA ONIX - FITA DE LED 3000K 2W - PEND 2M;;414.93;9.75;1
P0208;FOLHA DE OURO;PENDENTE Ø10CM - CUPULA ONIX - FITA DE LED 3000K 2W - PEND 2M;;477.17;9.75;1
P0209;;PENDENTE Ø15CM - CUPULA ONIX - FITA DE LED 3000K 4W - PEND 2M;;717.62;9.75;1
P0209;FOLHA DE OURO;PENDENTE Ø15CM - CUPULA ONIX - FITA DE LED 3000K 4W - PEND 2M;;825.26;9.75;1
P0210;;PENDENTE Ø20CM - CUPULA ONIX - FITA DE LED 3000K 6W - PEND 2M;;1088.35;9.75;1
P0210;FOLHA DE OURO;PENDENTE Ø20CM - CUPULA ONIX - FITA DE LED 3000K 6W - PEND 2M;;1251.61;9.75;1
C0208DF-ONIX;;COLUNA Ø30CM - 150CM DE ALT. - CUPULA ONIX - FITA DE LED 3000K 6W;;1859.16;9.75;1
C0208DF-ONIX;FOLHA DE OURO;COLUNA Ø30CM - 150CM DE ALT. - CUPULA ONIX - FITA DE LED 3000K 6W;;2138.03;9.75;1
C0208;;COLUNA Ø30CM - 150CM DE ALT. - CUPULA SELENITA - FITA DE LED 3000K 6W;;1710.55;9.75;1
C0208;FOLHA DE OURO;COLUNA Ø30CM - 150CM DE ALT. - CUPULA SELENITA - FITA DE LED 3000K 6W;;1967.13;9.75;1
AB0108;;LUMINÁRIA Ø20X32 CM DE ALT. - ROCHA - P/ 1 LÂMP. MINIGU10;;943.30;9.75;2
AB0108;FOLHA DE OURO;LUMINÁRIA Ø20X32 CM DE ALT. - ROCHA - P/ 1 LÂMP. MINIGU10;;1084.79;9.75;2
AB0109;;LUMINÁRIA Ø20X80 CM DE ALT. - ROCHA - P/ 1 LÂMP. E27 - CUPULA TECIDO;;2281.52;9.75;2
AB0109;FOLHA DE OURO;LUMINÁRIA Ø20X80 CM DE ALT. - ROCHA - P/ 1 LÂMP. E27 - CUPULA TECIDO;;2623.74;9.75;2
C0110;;COLUNA Ø50CM - 180CM DE ALT. - SELENITA - P/ 1 LÂMP. E27;;4469.96;9.75;2
C0110;FOLHA DE OURO;COLUNA Ø50CM - 180CM DE ALT. - SELENITA - P/ 1 LÂMP. E27;;5140.45;9.75;2
A0111;;ARANDELA ALMA GEMEA - ÁGATA - FITA DE LED 3000K 6W;;3118.80;9.75;2
A0111;FOLHA DE OURO;ARANDELA ALMA GEMEA - ÁGATA - FITA DE LED 3000K 6W;;3586.62;9.75;2
A0111-C;;ARANDELA ALMA GEMEA - AGATA - (C/ CARREGADOR);;3789.49;9.75;2
A0111-C;FOLHA DE OURO;ARANDELA ALMA GEMEA - AGATA - (C/ CARREGADOR);;4357.92;9.75;2
A0111-ROCHA;;ARANDELA ALMA GEMEA - ROCHA SELENITA - FITA DE LED 3000K 6W;;3118.80;9.75;2
A0111-ROCHA;FOLHA DE OURO;ARANDELA ALMA GEMEA - ROCHA SELENITA - FITA DE LED 3000K 6W;;3586.62;9.75;2
A0111-C-ROCHA;;ARANDELA ALMA GEMEA - ROCHA SELENITA - (C/ CARREGADOR);;3789.49;9.75;2
A0111-C-ROCHA;FOLHA DE OURO;ARANDELA ALMA GEMEA - ROCHA SELENITA - (C/ CARREGADOR);;4357.92;9.75;2
A0111-6M;;ARANDELA ALMA GEMEA - ÁGATA - FITA DE LED 3000K 6W - 6M TECIDO;;4057.38;9.75;2
A0111-6M;FOLHA DE OURO;ARANDELA ALMA GEMEA - ÁGATA - FITA DE LED 3000K 6W - 6M TECIDO;;4665.98;9.75;2
A0111-8M;;ARANDELA ALMA GEMEA - ÁGATA - FITA DE LED 3000K 6W - 8M TECIDO;;4995.95;9.75;2
A0111-8M;FOLHA DE OURO;ARANDELA ALMA GEMEA - ÁGATA - FITA DE LED 3000K 6W - 8M TECIDO;;5745.34;9.75;2
B0105;;BANDEJA 35X55CM - 3 QUARTZOS - FITA DE LED 3000K 2W - SISTEMA DE BATERIA;;1147.64;9.75;2
B0105;FOLHA DE OURO;BANDEJA 35X55CM - 3 QUARTZOS - FITA DE LED 3000K 2W - SISTEMA DE BATERIA;;1319.79;9.75;2
B0106;;BANDEJA 15X35CM - 2 QUARTZOS - FITA DE LED 3000K 2W - SISTEMA DE BATERIA;;693.01;9.75;2
B0106;FOLHA DE OURO;BANDEJA 15X35CM - 2 QUARTZOS - FITA DE LED 3000K 2W - SISTEMA DE BATERIA;;796.96;9.75;2
ES0104;;ESPELHO OVAL 140X105CM - LUZ INDIRETA 60W 3000K - C/ MOLDURA E PRATELEIRA C/ QUARTZO;;3168.86;9.75;2
ES0104;FOLHA DE OURO;ESPELHO OVAL 140X105CM - LUZ INDIRETA 60W 3000K - C/ MOLDURA E PRATELEIRA C/ QUARTZO;;3644.19;9.75;2
ES0103;;ESPELHO OVAL 125X105CM - LUZ INDIRETA 60W 3000K - C/ MOLDURA;;2078.55;9.75;2
ES0103;FOLHA DE OURO;ESPELHO OVAL 125X105CM - LUZ INDIRETA 60W 3000K - C/ MOLDURA;;2390.33;9.75;2
ES0101;;ESPELHO RED.80CM - LUZ INDIRETA 36W 3000K - MOD. 1;;1681.61;9.75;2
ES0101;FOLHA DE OURO;ESPELHO RED.80CM - LUZ INDIRETA 36W 3000K - MOD. 1;;1933.85;9.75;2
ES0105;;ESPELHO RED.60CM - LUZ INDIRETA 28W 3000K - MOD. 1;;1384.40;9.75;2
ES0105;FOLHA DE OURO;ESPELHO RED.60CM - LUZ INDIRETA 28W 3000K - MOD. 1;;1592.06;9.75;2
ES0106;;ESPELHO RED.60CM - LUZ INDIRETA 28W 3000K - MOD. 2;;1109.55;9.75;2
ES0106;FOLHA DE OURO;ESPELHO RED.60CM - LUZ INDIRETA 28W 3000K - MOD. 2;;1275.98;9.75;2
ES0102;;ESPELHO RED.80CM - LUZ INDIRETA 36W 3000K - MOD. 2;;1331.48;9.75;2
ES0102;FOLHA DE OURO;ESPELHO RED.80CM - LUZ INDIRETA 36W 3000K - MOD. 2;;1531.20;9.75;2
ES1501;;MEIA ESFERA Ø60CM - COM ESPELHO - LUZ INDIRETA 3000K 27W;;1686.70;9.75;3
ES1501;FOLHA DE OURO;MEIA ESFERA Ø60CM - COM ESPELHO - LUZ INDIRETA 3000K 27W;;1939.70;9.75;3
ES1502;;MEIA ESFERA Ø50CM - COM ESPELHO - LUZ INDIRETA 3000K 22W;;1209.59;9.75;3
ES1502;FOLHA DE OURO;MEIA ESFERA Ø50CM - COM ESPELHO - LUZ INDIRETA 3000K 22W;;1391.03;9.75;3
ES1503;;MEIA ESFERA Ø30CM - COM ESPELHO - LUZ INDIRETA 3000K 14W;;715.12;9.75;3
ES1503;FOLHA DE OURO;MEIA ESFERA Ø30CM - COM ESPELHO - LUZ INDIRETA 3000K 14W;;822.38;9.75;3
ES1504;;MEIA ESFERA Ø30CM - COM ESPELHO - BANCADA - LUZ DIRETA 3000K 14W;;715.12;9.75;3
ES1504;FOLHA DE OURO;MEIA ESFERA Ø30CM - COM ESPELHO - BANCADA - LUZ DIRETA 3000K 14W;;822.38;9.75;3
L0601;;LUSTRE Ø80 X100 CM DE ALT. - 21 CUPULAS ONIX P/21 LÂMP. G9 - 2M CORRENTE;;8423.70;9.75;4
L0601;FOLHA DE OURO;LUSTRE Ø80 X100 CM DE ALT. - 21 CUPULAS ONIX P/21 LÂMP. G9 - 2M CORRENTE;;9687.26;9.75;4
A0602;;ARANDELA Ø7X30 CM DE ALT. - ONIX - P/2 LÂMP. G9 - DUE;;662.48;9.75;4
A0602;FOLHA DE OURO;ARANDELA Ø7X30 CM DE ALT. - ONIX - P/2 LÂMP. G9 - DUE;;761.85;9.75;4
A0603;;ARANDELA Ø7X27 CM DE ALT. - ONIX - P/1 LÂMP. G9 - UNE;;421.97;9.75;4
A0603;FOLHA DE OURO;ARANDELA Ø7X27 CM DE ALT. - ONIX - P/1 LÂMP. G9 - UNE;;485.26;9.75;4
L0608;;LUSTRE 45X38 CM DE ALT. - ONIX - FITA DE LED 3000K 6W - PEND. 2M;;901.42;9.75;4
L0608;FOLHA DE OURO;LUSTRE 45X38 CM DE ALT. - ONIX - FITA DE LED 3000K 6W - PEND. 2M;;1036.64;9.75;4
L0604;;LUSTRE 65X55 CM DE ALT. - ONIX - FITA DE LED 3000K 6W - PEND. 2M;;990.20;9.75;4
L0604;FOLHA DE OURO;LUSTRE 65X55 CM DE ALT. - ONIX - FITA DE LED 3000K 6W - PEND. 2M;;1138.72;9.75;4
P0605;;PENDENTE 80X32 CM DE ALT. - ONIX - P/3 LÂMP. G9 - PEND. 2M;;1227.97;9.75;4
P0605;FOLHA DE OURO;PENDENTE 80X32 CM DE ALT. - ONIX - P/3 LÂMP. G9 - PEND. 2M;;1412.16;9.75;4
P0606;;PENDENTE Ø7X23 CM DE ALT. - ONIX - FITA DE LED 3000K 2W - PEND. 2M;;546.33;9.75;4
P0606;FOLHA DE OURO;PENDENTE Ø7X23 CM DE ALT. - ONIX - FITA DE LED 3000K 2W - PEND. 2M;;628.28;9.75;4
P0607;;PENDENTE Ø7X30 CM DE ALT. - ONIX - FITA DE LED 3000K 2W - PEND. 2M;;558.84;9.75;4
P0607;FOLHA DE OURO;PENDENTE Ø7X30 CM DE ALT. - ONIX - FITA DE LED 3000K 2W - PEND. 2M;;642.67;9.75;4
L0801;;LUSTRE FOLHAS OVAL 120X60X45CM DE ALT. - 2M CABO - P/8 LAMP E14;;3267.41;9.75;5
L0801;FOLHA DE OURO;LUSTRE FOLHAS OVAL 120X60X45CM DE ALT. - 2M CABO - P/8 LAMP E14;;3757.52;9.75;5
L0802;;LUSTRE FOLHAS LINEAR 100X35X50CM DE ALT. - 2M CABO - P/5 LAMP G9;;1746.14;9.75;5
L0802;FOLHA DE OURO;LUSTRE FOLHAS LINEAR 100X35X50CM DE ALT. - 2M CABO - P/5 LAMP G9;;2008.06;9.75;5
E1301;;ESCULTURA ILUMINADA FOLHAS - 130X50CM DE ALT. - FITA DE LED 3000K;;8910.20;9.75;5
E1301;FOLHA DE OURO;ESCULTURA ILUMINADA FOLHAS - 130X50CM DE ALT. - FITA DE LED 3000K;;10246.73;9.75;5
L0701;;LUSTRE Ø90 X 125 CM DE ALT. - CRISTAL E ROCHA SELENITA - P/8 LAMP E14;;10420.13;9.75;6
L0701;FOLHA DE OURO;LUSTRE Ø90 X 125 CM DE ALT. - CRISTAL E ROCHA SELENITA - P/8 LAMP E14;;11983.15;9.75;6
A0702;;ARANDELA C/ CUPULA - SELENITA E CRISTAL - P/ 1 LAMP E14;;1157.57;9.75;6
A0702;FOLHA DE OURO;ARANDELA C/ CUPULA - SELENITA E CRISTAL - P/ 1 LAMP E14;;1331.21;9.75;6
L0703;;LUSTRE Ø80CM X 75CM DE ALT. - CRISTAL TRANSLÚCIDO E CUPULA - P/ 12 LÂMP. E14 - PEND 1M;;5995.14;9.75;6
L0703;FOLHA DE OURO;LUSTRE Ø80CM X 75CM DE ALT. - CRISTAL TRANSLÚCIDO E CUPULA - P/ 12 LÂMP. E14 - PEND 1M;;6894.41;9.75;6
A0704;;ARANDELA C/ CUPULA - CRISTAL - P/ 1 LAMP E14;;1212.32;9.75;6
A0704;FOLHA DE OURO;ARANDELA C/ CUPULA - CRISTAL - P/ 1 LAMP E14;;1394.17;9.75;6
ROCHA-001-100CM;;RED. 100X150CM DE ALT. 6 CAM - ROCHA E MOLDURA - FITA DE LED 3000K 90W - PEND 1M;;27226.47;9.75;6
ROCHA-001-100CM;FOLHA DE OURO;RED. 100X150CM DE ALT. 6 CAM - ROCHA E MOLDURA - FITA DE LED 3000K 90W - PEND 1M;;31310.44;9.75;6
ROCHA-001-80CM;;RED. 80X100CM DE ALT. 4 CAM - ROCHA E MOLDURA - FITA DE LED 3000K 60W- PEND 1M;;16421.13;9.75;6
ROCHA-001-80CM;FOLHA DE OURO;RED. 80X100CM DE ALT. 4 CAM - ROCHA E MOLDURA - FITA DE LED 3000K 60W- PEND 1M;;18884.30;9.75;6
ROCHA-001;;RED. 250 X 340 CM DE ALT. 12 CAM - ROCHA E MOLDURA - FITA DE LED 3000K 200W - PEND 1M;;152518.28;9.75;6
ROCHA-001;FOLHA DE OURO;RED. 250 X 340 CM DE ALT. 12 CAM - ROCHA E MOLDURA - FITA DE LED 3000K 200W - PEND 1M;;175396.02;9.75;6
EISEN-001-ARA;;ARANDELA - RAIADA 12CM X 30CM DE ALT - 2 LAMP G9 - TUBO METAL;;694.15;9.75;7
EISEN-002-ARA;;ARANDELA - RAIADA 13CM X 48 CM DE ALT - 3 LAMP G9 - TUBO METAL;;918.63;9.75;7
EISEN-003-ARA;;ARANDELA - RAIADA 13CM X 65CM DE ALT - 4 LAMP G9 - TUBO METAL;;1200.98;9.75;7
EISEN-003-PEND;;PENDENTE UNITARIO - Ø25CM X 65CM DE ALT - 4 LAMP G9 - TUBO METAL;;1866.59;9.75;7
EISEN-100-4;;RED. 100CM - 04 AROS - 85CM ALTURA - TUBOS - FITA DE LED 170W - PEND 1M;;12785.33;9.75;7
EISEN-80-3;;RED. 80CM - 03 AROS - 67CM ALTURA - TUBOS - FITA DE LED 110W - PEND 1M;;9137.02;9.75;7
EISEN-60-2;;RED. 60CM - 02 AROS - 47CM ALTURA - TUBOS - FITA DE LED 82W - PEND 1M;;6477.33;9.75;7
EISEN-120X40-2;;OVAL 120 X 40 X 50CM ALT - 02 CAMADAS TUBO ALUM. - FITA LED COB 3000K - 110W - PINT. DOURADO FOSCO;;7780.39;9.75;7
EISEN-150X50-2;;OVAL 150 X 50 X 50CM ALT - 02 CAMADAS TUBO ALUM. - FITA LED COB 3000K - 140W - PINT. DOURADO FOSCO;;10674.32;9.75;7
A0401;;ARANDELA 80CM - ROCHA SELENITA - P/ 2 LÂMP. MINIGU10 - AURA;;544.58;9.75;8
A0401;FOLHA DE OURO;ARANDELA 80CM - ROCHA SELENITA - P/ 2 LÂMP. MINIGU10 - AURA;;626.26;9.75;8
A0410;;ARANDELA 80CM - QUARTZO - P/ 2 LÂMP. MINIGU10 - AURA;;1558.03;9.75;8
A0410;FOLHA DE OURO;ARANDELA 80CM - QUARTZO - P/ 2 LÂMP. MINIGU10 - AURA;;1791.74;9.75;8
A0402;;ARANDELA 100CM - ROCHA SELENITA - P/ 2 LÂMP. MINIGU10 - AURA;;572.14;9.75;8
A0402;FOLHA DE OURO;ARANDELA 100CM - ROCHA SELENITA - P/ 2 LÂMP. MINIGU10 - AURA;;657.96;9.75;8
A0411;;ARANDELA 100CM - QUARTZO - P/ 2 LÂMP. MINIGU10 - AURA;;1530.27;9.75;8
A0411;FOLHA DE OURO;ARANDELA 100CM - QUARTZO - P/ 2 LÂMP. MINIGU10 - AURA;;1759.81;9.75;8
A0413;;ARANDELA 120CM - ROCHA SELENITA - P/2 LÂMP. MINIGU10 - AURA;;619.07;9.75;8
A0413;FOLHA DE OURO;ARANDELA 120CM - ROCHA SELENITA - P/2 LÂMP. MINIGU10 - AURA;;711.93;9.75;8
A0414;;ARANDELA 120CM - QUARTZO - P/2 LÂMP. MINIGU10 - AURA;;1596.36;9.75;8
A0414;FOLHA DE OURO;ARANDELA 120CM - QUARTZO - P/2 LÂMP. MINIGU10 - AURA;;1835.81;9.75;8
P0412;;PENDENTE Ø 5 X 45 CM DE ALTURA - P/ 1 LÂMP. MINIGU10 -QUARTZO - PEND 2M - AURA;;876.78;9.75;8
P0412;FOLHA DE OURO;PENDENTE Ø 5 X 45 CM DE ALTURA - P/ 1 LÂMP. MINIGU10 -QUARTZO - PEND 2M - AURA;;1008.30;9.75;8
P0403;;PENDENTE Ø 5 X 45 CM DE ALTURA - P/ 1 LÂMP. MINIGU10 -ROCHA SELENITA - PEND 2M - AURA;;383.69;9.75;8
P0403;FOLHA DE OURO;PENDENTE Ø 5 X 45 CM DE ALTURA - P/ 1 LÂMP. MINIGU10 -ROCHA SELENITA - PEND 2M - AURA;;441.24;9.75;8
P0404;;PENDENTE 100CM - ROCHA SELENITA - P/ 2 LÂMP. MINIGU10 - PEND 2M - AURA;;705.49;9.75;8
P0404;FOLHA DE OURO;PENDENTE 100CM - ROCHA SELENITA - P/ 2 LÂMP. MINIGU10 - PEND 2M - AURA;;811.32;9.75;8
P0407;;PENDENTE 100CM - QUARTZO - P/ 2 LÂMP. MINIGU10 - PEND 2M - AURA;;1706.25;9.75;8
P0407;FOLHA DE OURO;PENDENTE 100CM - QUARTZO - P/ 2 LÂMP. MINIGU10 - PEND 2M - AURA;;1962.19;9.75;8
P0405;;PENDENTE 120CM - ROCHA SELENITA - P/ 2 LÂMP. MINIGU10 - PEND 2M - AURA;;750.08;9.75;8
P0405;FOLHA DE OURO;PENDENTE 120CM - ROCHA SELENITA - P/ 2 LÂMP. MINIGU10 - PEND 2M - AURA;;862.59;9.75;8
P0408;;PENDENTE 120CM - QUARTZO - P/ 2 LÂMP. MINIGU10 - PEND 2M - AURA;;1735.58;9.75;8
P0408;FOLHA DE OURO;PENDENTE 120CM - QUARTZO - P/ 2 LÂMP. MINIGU10 - PEND 2M - AURA;;1995.92;9.75;8
P0406;;PENDENTE 80CM - ROCHA SELENITA - P/ 2 LÂMP. MINIGU10 - PEND 2M - AURA;;698.46;9.75;8
P0406;FOLHA DE OURO;PENDENTE 80CM - ROCHA SELENITA - P/ 2 LÂMP. MINIGU10 - PEND 2M - AURA;;803.22;9.75;8
P0409;;PENDENTE 80CM - QUARTZO - P/ 2 LÂMP. MINIGU10 - PEND 2M - AURA;;1683.96;9.75;8
P0409;FOLHA DE OURO;PENDENTE 80CM - QUARTZO - P/ 2 LÂMP. MINIGU10 - PEND 2M - AURA;;1936.55;9.75;8
ABJ-FELSEN;;ABAJUR - ROCHA SELENITA - P/ 01 LAMP- E14 C/ CUPULA PRETA;;719.57;9.75;8
ABJ-FELSEN;FOLHA DE OURO;ABAJUR - ROCHA SELENITA - P/ 01 LAMP- E14 C/ CUPULA PRETA;;827.51;9.75;8
L1004;;RED. 120X20CM DE ALT. - PLACA ROCHA - FITA DE LED 3000K 30W - PEND 2M;;8397.98;9.75;8
L1004;FOLHA DE OURO;RED. 120X20CM DE ALT. - PLACA ROCHA - FITA DE LED 3000K 30W - PEND 2M;;9657.68;9.75;8
L1003;;RED. 100X20CM DE ALT. - PLACA ROCHA - FITA DE LED 3000K 25W - PEND 2M;;6794.49;9.75;8
L1003;FOLHA DE OURO;RED. 100X20CM DE ALT. - PLACA ROCHA - FITA DE LED 3000K 25W - PEND 2M;;7813.67;9.75;8
L1002;;RED. 80X20CM DE ALT. - PLACA ROCHA - FITA DE LED 3000K 20W - PEND 2M;;5706.14;9.75;8
L1002;FOLHA DE OURO;RED. 80X20CM DE ALT. - PLACA ROCHA - FITA DE LED 3000K 20W - PEND 2M;;6562.06;9.75;8
L1401;;RED. 90CM X 3,0M ALT. MONT. ALEAT. - 30 PENDENTES PLACA ROCHA - FITA DE LED 3000K 60W;;8419.79;9.75;8
L1401;FOLHA DE OURO;RED. 90CM X 3,0M ALT. MONT. ALEAT. - 30 PENDENTES PLACA ROCHA - FITA DE LED 3000K 60W;;9682.76;9.75;8
L1403;;CONJ. PENDENTES MONT. ALEAT. - 30 PEND PLACA ROCHA - FITA DE LED 3000K 60W;;7042.04;9.75;8
L1403;FOLHA DE OURO;CONJ. PENDENTES MONT. ALEAT. - 30 PEND PLACA ROCHA - FITA DE LED 3000K 60W;;8098.35;9.75;8
P1402;;PENDENTE ROCHA PLACA 10X20M ALT. - FITA DE LED 3000K 2W;;402.02;9.75;9
P1402;FOLHA DE OURO;PENDENTE ROCHA PLACA 10X20M ALT. - FITA DE LED 3000K 2W;;462.33;9.75;9
L0904;;LINEAR 100CM - ROCHA ORGANICA - LUZ DIRETA E INDIRETA - FITA DE LED 3000K 60W - PEND 2M;;2030.45;9.75;9
L0904;FOLHA DE OURO;LINEAR 100CM - ROCHA ORGANICA - LUZ DIRETA E INDIRETA - FITA DE LED 3000K 60W - PEND 2M;;2335.02;9.75;9
L0902;;LINEAR 200CM - ROCHA ORGANICA - LUZ DIRETA E INDIRETA - FITA DE LED 3000K 120W - PEND 2M;;3114.11;9.75;9
L0902;FOLHA DE OURO;LINEAR 200CM - ROCHA ORGANICA - LUZ DIRETA E INDIRETA - FITA DE LED 3000K 120W - PEND 2M;;3581.23;9.75;9
L0903;;SEXTAVADO 60CM - ROCHA ORGANICA - FITA DE LED 3000K 56W - PEND 2M;;3780.89;9.75;9
L0903;FOLHA DE OURO;SEXTAVADO 60CM - ROCHA ORGANICA - FITA DE LED 3000K 56W - PEND 2M;;4348.02;9.75;9
L0905;;SEXTAVADO 80CM - ROCHA ORGANICA - FITA DE LED 3000K 68W - PEND 2M;;5009.25;9.75;9
L0905;FOLHA DE OURO;SEXTAVADO 80CM - ROCHA ORGANICA - FITA DE LED 3000K 68W - PEND 2M;;5760.63;9.75;9
P1204;;RET. 200 X 5 X 10CM ALT. 60W - SLIM - QUARTZO - PEND 2M;;5789.83;9.75;9
P1204;FOLHA DE OURO;RET. 200 X 5 X 10CM ALT. 60W - SLIM - QUARTZO - PEND 2M;;6658.30;9.75;9
P1205;;RET. 120 X 5 X 10CM ALT. 40W - SLIM - QUARTZO - PEND 2M;;3821.56;9.75;9
P1205;FOLHA DE OURO;RET. 120 X 5 X 10CM ALT. 40W - SLIM - QUARTZO - PEND 2M;;4394.79;9.75;9
P1206;;RET. 100 X 5 X 10CM ALT. 30W - SLIM - QUARTZO - PEND 2M;;2994.83;9.75;9
P1206;FOLHA DE OURO;RET. 100 X 5 X 10CM ALT. 30W - SLIM - QUARTZO - PEND 2M;;3444.06;9.75;9
P1201;;RET. 200 X 5 X 10CM ALT. 60W - SLIM - ROCHA - PEND 2M;;4029.61;9.75;9
P1201;FOLHA DE OURO;RET. 200 X 5 X 10CM ALT. 60W - SLIM - ROCHA - PEND 2M;;4634.05;9.75;9
P1202;;RET. 120 X 5 X 10CM ALT. 40W - SLIM - ROCHA - PEND 2M;;2541.19;9.75;9
P1202;FOLHA DE OURO;RET. 120 X 5 X 10CM ALT. 40W - SLIM - ROCHA - PEND 2M;;2922.37;9.75;9
P1203;;RET. 100 X 5 X 10CM ALT. 30W - SLIM - ROCHA - PEND 2M;;2212.69;9.75;9
P1203;FOLHA DE OURO;RET. 100 X 5 X 10CM ALT. 30W - SLIM - ROCHA - PEND 2M;;2544.59;9.75;9
P0502;;PENDENTE LINEAR 02 - LUZ DIRETA E INDIRETA - 100CM C/ COURO MARROM;;1954.19;9.75;10
P0501;;PENDENTE LINEAR 02 - LUZ DIRETA E INDIRETA - 150CM C/ COURO MARROM;;2833.57;9.75;10
A0506;;ARANDELA LINEAR - FITA DE LED 3000K 18W - 60CM C/ COURO;;1225.62;9.75;10
A0507;;ARANDELA LINEAR - FITA DE LED 3000K 12W - 40CM C/ COURO;;958.91;9.75;10
AB0511;;ABAJUR SELENITA 10X20CM DE ALT.- FITA DE LED 3000K 6W;;1547.08;9.75;10
AB0510;;ABAJUR SELENITA 10X75CM DE ALT.- P/ 01 LAMP- E14 E FITA DE LED 3000K 6W - C/ CUPULA PRETA;;2126.65;9.75;10
P0503;;LUSTRE ROCHA - 200 X 20 CM DE ALTURA - 5 CX ROCHA - P/ 7 LÂMP. MINIGU10 - PEND 2M;;1627.64;9.75;10
P0503;FOLHA DE OURO;LUSTRE ROCHA - 200 X 20 CM DE ALTURA - 5 CX ROCHA - P/ 7 LÂMP. MINIGU10 - PEND 2M;;1871.79;9.75;10
A0504;;ARANDELA ROCHA - 27X4,5CM - P/ 2 LÂMP. MINIGU10;;389.12;9.75;10
A0504;FOLHA DE OURO;ARANDELA ROCHA - 27X4,5CM - P/ 2 LÂMP. MINIGU10;;447.48;9.75;10
A0505;;ARANDELA ROCHA - 22X4,5CM - P/ 2 LÂMP. MINIGU10;;330.46;9.75;10
A0505;FOLHA DE OURO;ARANDELA ROCHA - 22X4,5CM - P/ 2 LÂMP. MINIGU10;;380.02;9.75;10
ROCHA-ARA-FINELINE;;ARANDELA ROCHA 36 X 6 X 6CM - 2W;;556.56;9.75;11
ROCHA-ARA-FINELINE;FOLHA DE OURO;ARANDELA ROCHA 36 X 6 X 6CM - 2W;;640.04;9.75;11
PEND-ROCHA-SKY3;;PENDENTE 100X 125 CM DE ALT. - 03 LÂMP. MINIGU10 - ROCHA SELENITA;;1155.76;9.75;11
PEND-ROCHA-SKY3;FOLHA DE OURO;PENDENTE 100X 125 CM DE ALT. - 03 LÂMP. MINIGU10 - ROCHA SELENITA;;1329.12;9.75;11
ROCHA-TRILHO5;;LUSTRE ROCHA - 100 X 20 CM DE ALTURA - 5 CX ROCHA - P/ 5 LAMP. MINIGU10 - 1,5M PENDENTE;;1215.67;9.75;11
ROCHA-TRILHO5;FOLHA DE OURO;LUSTRE ROCHA - 100 X 20 CM DE ALTURA - 5 CX ROCHA - P/ 5 LAMP. MINIGU10 - 1,5M PENDENTE;;1398.02;9.75;11
ROCHA-LUME-PLACAS;;LUSTRE RET. 100 X 18 X 20 CM DE ALT. - ROCHA - FITA DE LED 36W - 1,5M PENDENTE;;3666.66;9.75;11
ROCHA-LUME-PLACAS;FOLHA DE OURO;LUSTRE RET. 100 X 18 X 20 CM DE ALT. - ROCHA - FITA DE LED 36W - 1,5M PENDENTE;;4216.66;9.75;11
SUIT-80-PLAF;;PLAFON 4,5 X 4,5 X 80 DE ALT. - ROCHA - 01 LÂMP. MINIGU10;;551.55;9.75;11
SUIT-80-PLAF;FOLHA DE OURO;PLAFON 4,5 X 4,5 X 80 DE ALT. - ROCHA - 01 LÂMP. MINIGU10;;634.29;9.75;11
SUIT-70-PLAF;;PLAFON 4,5 X 4,5 X 70 DE ALT. - ROCHA - 01 LÂMP. MINIGU10;;482.58;9.75;11
SUIT-70-PLAF;FOLHA DE OURO;PLAFON 4,5 X 4,5 X 70 DE ALT. - ROCHA - 01 LÂMP. MINIGU10;;554.97;9.75;11
SUIT-50-PLAF;;PLAFON 4,5 X 4,5 X 50 DE ALT. - ROCHA - 01 LÂMP. MINIGU10;;344.72;9.75;11
SUIT-50-PLAF;FOLHA DE OURO;PLAFON 4,5 X 4,5 X 50 DE ALT. - ROCHA - 01 LÂMP. MINIGU10;;396.43;9.75;11
SUIT-80-PEND;;PENDENTE 4,5 X 4,5 X 80 DE ALT. - ROCHA - 01 LÂMP. MINIGU10 - 1,5MT PEND;;606.69;9.75;11
SUIT-80-PEND;FOLHA DE OURO;PENDENTE 4,5 X 4,5 X 80 DE ALT. - ROCHA - 01 LÂMP. MINIGU10 - 1,5MT PEND;;697.70;9.75;11
SUIT-70-PEND;;PENDENTE 4,5 X 4,5 X 70 DE ALT. - ROCHA - 01 LÂMP. MINIGU10 - 1,5MT PEND;;530.86;9.75;11
SUIT-70-PEND;FOLHA DE OURO;PENDENTE 4,5 X 4,5 X 70 DE ALT. - ROCHA - 01 LÂMP. MINIGU10 - 1,5MT PEND;;610.49;9.75;11
SUIT-50-PEND;;PENDENTE 4,5 X 4,5 X 50 DE ALT. - ROCHA - 01 LÂMP. MINIGU10 - 1,5MT PEND;;379.18;9.75;11
SUIT-50-PEND;FOLHA DE OURO;PENDENTE 4,5 X 4,5 X 50 DE ALT. - ROCHA - 01 LÂMP. MINIGU10 - 1,5MT PEND;;436.06;9.75;11
ARA-PLACA-2-FINELINE;;ARANDELA 10 X 30CM DE ALT. - FITA DE LED 4W- ROCHA;;438.19;9.75;11
ARA-PLACA-2-FINELINE;FOLHA DE OURO;ARANDELA 10 X 30CM DE ALT. - FITA DE LED 4W- ROCHA;;503.92;9.75;11
ARA-PLACA-1-FINELINE;;ARANDELA 10 X 20CM DE ALT. - FITA DE LED 4W - ROCHA;;382.67;9.75;11
ARA-PLACA-1-FINELINE;FOLHA DE OURO;ARANDELA 10 X 20CM DE ALT. - FITA DE LED 4W - ROCHA;;440.07;9.75;11
COLUNA-FINELINE;;COLUNA 30 X 160 CM DE ALTURA - FITA DE LED 10W - ROCHA;;2407.10;9.75;11
COLUNA-FINELINE;FOLHA DE OURO;COLUNA 30 X 160 CM DE ALTURA - FITA DE LED 10W - ROCHA;;2768.16;9.75;11
VALENSSA-LIN-130;;LUSTRE LINEAR -130X48CM DE ALT- CRISTAL AMENDOA - P/7 LAMP E14 - 1,5M PEND;;2693.47;9.75;12
VALENSSA-ARA;;ARANDELA 40 X 90 CM DE ALT. 6 LÂMP. G9 - CRISTAL TRANSLÚCIDO ÂMENDOA;;1201.72;9.75;12
VALENSSA-ARA-AC;;ARANDELA 40 X 90 CM DE ALT. 6 LÂMP. G9 - AGATA CRISTAL;ATÉ 2M DE CABO NÃO ALTERA VALOR;1397.65;9.75;12
VALENSSA-RD;;LUSTRE RED. 75X50CM DE ALT- CRISTAL AMENDOA - P/5 LAMP E14 - 1,5M PEND;;1950.53;9.75;12
VALENSSA-AROS;;LUSTRE RED.160X100CM DE ALT- 3 AROS Ø(100/80/60CM)- AMENDOA -P/24 LAMP E14 - 4M PEND;;10601.82;9.75;12
ROCHA-DISCO-70CM;;LUSTRE 70 X 10 CM DE ALT. - 05 LÂMP. G9 - ROCHA;;1089.22;9.75;13
ROCHA-DISCO-70CM;FOLHA DE OURO;LUSTRE 70 X 10 CM DE ALT. - 05 LÂMP. G9 - ROCHA;;1252.60;9.75;13
ROCHA-DISCO-100CM;;LUSTRE 100 X 10 CM DE ALT. - 07 LÂMP. G9 - ROCHA;;1558.28;9.75;13
ROCHA-DISCO-100CM;FOLHA DE OURO;LUSTRE 100 X 10 CM DE ALT. - 07 LÂMP. G9 - ROCHA;;1792.03;9.75;13
AC-DISCO-70CM;;LUSTRE 70 X 10 CM DE ALT. - 5 LÂMP. G9 - AGATA CRISTAL;;1523.01;9.75;13
AC-DISCO-70CM;FOLHA DE OURO;LUSTRE 70 X 10 CM DE ALT. - 5 LÂMP. G9 - AGATA CRISTAL;;1751.46;9.75;13
AC-DISCO-100CM;;LUSTRE 100 X 10 CM DE ALT. - 7 LÂMP. G9 - AGATA CRISTAL;;2201.60;9.75;13
AC-DISCO-100CM;FOLHA DE OURO;LUSTRE 100 X 10 CM DE ALT. - 7 LÂMP. G9 - AGATA CRISTAL;;2531.84;9.75;13
ROCHA-RD100-DISCO;;LUSTRE RED. 100 X 40 CM - 5 CAM Ø (100/80/60/40/20CM) DE ALT. - 20 LÂMP. E14 ROCHA SELENITA;;11065.74;9.75;13
ROCHA-RD100-DISCO;FOLHA DE OURO;LUSTRE RED. 100 X 40 CM - 5 CAM Ø (100/80/60/40/20CM) DE ALT. - 20 LÂMP. E14 ROCHA SELENITA;;12725.60;9.75;13
ROCHA-RD80-DISCO;;LUSTRE RED. 80CM - 4 CAM Ø (80/60/40/20CM) DE ALT. - 16 LÂMP. E14 ROCHA SELENITA;;8834.98;9.75;13
ROCHA-RD80-DISCO;FOLHA DE OURO;LUSTRE RED. 80CM - 4 CAM Ø (80/60/40/20CM) DE ALT. - 16 LÂMP. E14 ROCHA SELENITA;;10160.23;9.75;13
ROCHA-RD60-DISCO;;LUSTRE RED. 60CM - 3 CAM Ø (60/40/20CM) DE ALT. - 12 LÂMP. E14 ROCHA SELENITA;;5201.66;9.75;13
ROCHA-RD60-DISCO;FOLHA DE OURO;LUSTRE RED. 60CM - 3 CAM Ø (60/40/20CM) DE ALT. - 12 LÂMP. E14 ROCHA SELENITA;;5981.90;9.75;13
ARA-DISCO-AC;;ARANDELA 5 X 10 X 10 CM DE ALT. - FITA DE LED 2W - ÁGATA;;349.96;9.75;13
ARA-DISCO-AC;FOLHA DE OURO;ARANDELA 5 X 10 X 10 CM DE ALT. - FITA DE LED 2W - ÁGATA;;402.46;9.75;13
ARA-DISCO;;ARANDELA 5 X 10 X 10 CM DE ALT. - FITA DE LED 2W - ROCHA SELENITA;;318.72;9.75;13
ARA-DISCO;FOLHA DE OURO;ARANDELA 5 X 10 X 10 CM DE ALT. - FITA DE LED 2W - ROCHA SELENITA;;366.53;9.75;13
AC-ARA-SUN;;ARANDELA 5 X 10 X 5 CM DE ALT. - FITA DE LED 2W - ÁGATA;;320.93;9.75;13
AC-ARA-SUN;FOLHA DE OURO;ARANDELA 5 X 10 X 5 CM DE ALT. - FITA DE LED 2W - ÁGATA;;369.07;9.75;13
ROCHA-ARA-SUN;;ARANDELA 5 X 10 X 5 CM DE ALT. - FITA DE LED 2W - ROCHA SELENITA;;295.93;9.75;13
ROCHA-ARA-SUN;FOLHA DE OURO;ARANDELA 5 X 10 X 5 CM DE ALT. - FITA DE LED 2W - ROCHA SELENITA;;340.32;9.75;13
ROCHA-ANG-1;;LUSTRE 85 X 5 X 45 CM DE ALTURA - FITA DE LED 24W - ROCHA SELENITA - 1 BARRAS INCLINADAS;;2296.82;9.75;14
ROCHA-ANG-1;FOLHA DE OURO;LUSTRE 85 X 5 X 45 CM DE ALTURA - FITA DE LED 24W - ROCHA SELENITA - 1 BARRAS INCLINADAS;;2641.34;9.75;14
QTZO-ANG-1;;LUSTRE 85 X 5 X 45 CM DE ALTURA - FITA DE LED 24W - QUARTZO - 1 BARRAS INCLINADAS;;2803.76;9.75;14
QTZO-ANG-1;FOLHA DE OURO;LUSTRE 85 X 5 X 45 CM DE ALTURA - FITA DE LED 24W - QUARTZO - 1 BARRAS INCLINADAS;;3224.32;9.75;14
ROCHA-ANG-2;;LUSTRE 85 X 5 X 45 CM DE ALTURA - FITA DE LED 24W - ROCHA SELENITA - 2 BARRAS INCLINADAS;;2325.13;9.75;14
ROCHA-ANG-2;FOLHA DE OURO;LUSTRE 85 X 5 X 45 CM DE ALTURA - FITA DE LED 24W - ROCHA SELENITA - 2 BARRAS INCLINADAS;;2673.90;9.75;14
QTZO-ANG-2;;LUSTRE 85 X 5 X 45 CM DE ALTURA - FITA DE LED 24W - QUARTZO - 2 BARRAS INCLINADAS;;2832.41;9.75;14
QTZO-ANG-2;FOLHA DE OURO;LUSTRE 85 X 5 X 45 CM DE ALTURA - FITA DE LED 24W - QUARTZO - 2 BARRAS INCLINADAS;;3257.27;9.75;14
ROCHA-ANG-90;;ARANDELA 100 X 10 X 30 CM DE ALTURA - FITA DE LED 30W -ROCHA SELENITA;;3562.12;9.75;14
ROCHA-ANG-90;FOLHA DE OURO;ARANDELA 100 X 10 X 30 CM DE ALTURA - FITA DE LED 30W -ROCHA SELENITA;;4096.44;9.75;14
QTZO-ANG-90;;ARANDELA 100 X 10 X 30 CM DE ALTURA - FITA DE LED 30W - QUARTZO;;5086.96;9.75;14
QTZO-ANG-90;FOLHA DE OURO;ARANDELA 100 X 10 X 30 CM DE ALTURA - FITA DE LED 30W - QUARTZO;;5850.01;9.75;14
QTZO-ARA-2CR;;ARANDELA 9 X 10 X 39 CM DE ALT. - FITA DE LED 4W - QUARTZO;;1545.78;9.75;14
QTZO-ARA-2CR;FOLHA DE OURO;ARANDELA 9 X 10 X 39 CM DE ALT. - FITA DE LED 4W - QUARTZO;;1777.65;9.75;14
QTZO-ARA-6CR;;ARANDELA 25 X 9 X 70 CM DE ALT. - 6 LÂMP. MINIGU10 - QUARTZO;;3830.84;9.75;14
QTZO-ARA-6CR;FOLHA DE OURO;ARANDELA 25 X 9 X 70 CM DE ALT. - 6 LÂMP. MINIGU10 - QUARTZO;;4405.46;9.75;14
QTZO-ARA-BASE;;ARANDELA 10 X 7 X 18 CM DE ALT. - FITA DE LED 2W - QUARTZO;;1371.18;9.75;14
QTZO-ARA-BASE;FOLHA DE OURO;ARANDELA 10 X 7 X 18 CM DE ALT. - FITA DE LED 2W - QUARTZO;;1576.86;9.75;14
ROC-FEL-CROWN80;;LUSTRE RED. 80 X 90 CM DE ALTURA - ROCHA SELENITA - MOLDURA - P/ 16 LAMP. E14 - 1,5MT CORRENTE;;17006.29;9.75;15
ROC-FEL-CROWN80;FOLHA DE OURO;LUSTRE RED. 80 X 90 CM DE ALTURA - ROCHA SELENITA - MOLDURA - P/ 16 LAMP. E14 - 1,5MT CORRENTE;;19557.23;9.75;15
ROC-FEL-CROWN60;;LUSTRE RED. 60 X 75 CM DE ALTURA - ROCHA SELENITA - MOLDURA - P/ 10 LAMP. E14 - 1,5MT CORRENTE;;10794.09;9.75;15
ROC-FEL-CROWN60;FOLHA DE OURO;LUSTRE RED. 60 X 75 CM DE ALTURA - ROCHA SELENITA - MOLDURA - P/ 10 LAMP. E14 - 1,5MT CORRENTE;;12413.20;9.75;15
ROC-FEL-CROWN40;;LUSTRE RED. 40 X 75 CM DE ALTURA - ROCHA SELENITA - MOLDURA - P/ 5 LAMP. E14 - 1,5MT CORRENTE;;6707.75;9.75;15
ROC-FEL-CROWN40;FOLHA DE OURO;LUSTRE RED. 40 X 75 CM DE ALTURA - ROCHA SELENITA - MOLDURA - P/ 5 LAMP. E14 - 1,5MT CORRENTE;;7713.92;9.75;15
PEND-ROCHA-AURA;;PENDENTE Ø 5 X 50 CM DE ALTURA - 1 LÂMP. MINIGU10 - ROCHA SELENITA;;427.54;9.75;15
PEND-ROCHA-AURA;FOLHA DE OURO;PENDENTE Ø 5 X 50 CM DE ALTURA - 1 LÂMP. MINIGU10 - ROCHA SELENITA;;491.67;9.75;15
ROCHA-ARA-ORG;;ARANDELA BASE RET. 5X6CM - ROCHA ORGÂNICA - LED 2W;;302.55;9.75;15
ROCHA-ARA-ORG;FOLHA DE OURO;ARANDELA BASE RET. 5X6CM - ROCHA ORGÂNICA - LED 2W;;347.93;9.75;15
ROCHA-100-PENDENTE;;RED.100CM P/23 LAMP. E14 - 04 AROS - 65CM ALTURA - ROCHA - PENDENTE;;18299.89;9.75;16
ROCHA-100-PENDENTE;FOLHA DE OURO;RED.100CM P/23 LAMP. E14 - 04 AROS - 65CM ALTURA - ROCHA - PENDENTE;;21044.88;9.75;16
ROCHA-120-PENDENTE;;RED.120CM P/27 LAMP. E14 - 05 AROS - 80CM ALTURA - ROCHA - PENDENTE -FELSEN;;22686.21;9.75;16
ROCHA-120-PENDENTE;FOLHA DE OURO;RED.120CM P/27 LAMP. E14 - 05 AROS - 80CM ALTURA - ROCHA - PENDENTE -FELSEN;;26089.14;9.75;16
ROCHA-150-8;;RED.150CM P/35 LAMP. E14 - 08 AROS - 125CM ALTURA - ROCHA - PENDENTE -FELSEN;;36006.11;9.75;16
ROCHA-150-8;FOLHA DE OURO;RED.150CM P/35 LAMP. E14 - 08 AROS - 125CM ALTURA - ROCHA - PENDENTE -FELSEN;;41407.02;9.75;16
ROCHA-60-PENDENTE;;RED.60CM P/09 LAMP. E-14 - 03 AROS - 50CM ALTURA - ROCHA - PENDENTE - FELSEN;;8570.42;9.75;16
ROCHA-60-PENDENTE;FOLHA DE OURO;RED.60CM P/09 LAMP. E-14 - 03 AROS - 50CM ALTURA - ROCHA - PENDENTE - FELSEN;;9855.98;9.75;16
ROCHA-80-PENDENTE;;RED.80CM P/16 LAMP. E14 - 04 AROS - 65CM ALTURA - ROCHA - PENDENTE - FELSEN;;12619.61;9.75;16
ROCHA-80-PENDENTE;FOLHA DE OURO;RED.80CM P/16 LAMP. E14 - 04 AROS - 65CM ALTURA - ROCHA - PENDENTE - FELSEN;;14512.55;9.75;16
ROCHA60-20PEND;;RED. 60CM X 3,0M ALT. MONT. ALEAT. - 20 PENDENTES ROCHA PARA 20 LAMPADAS MINIGU10;;7383.42;9.75;16
ROCHA60-20PEND;FOLHA DE OURO;RED. 60CM X 3,0M ALT. MONT. ALEAT. - 20 PENDENTES ROCHA PARA 20 LAMPADAS MINIGU10;;8490.93;9.75;16
ROCHA90-30PEND;;RED. 90CM X 3,0M ALT. MONT. ALEAT. - 30 PENDENTES ROCHA PARA 30 LAMPADAS MINIGU10;;10613.95;9.75;16
ROCHA90-30PEND;FOLHA DE OURO;RED. 90CM X 3,0M ALT. MONT. ALEAT. - 30 PENDENTES ROCHA PARA 30 LAMPADAS MINIGU10;;12206.04;9.75;16
ROCHA-PD-LIN120;;RET. 120 X 10 X 10CM ALT.- 36W - ROCHA - PENDENTE 1,5M ALT. - KALEO FELSEN;;3107.88;9.75;16
ROCHA-PD-LIN120;FOLHA DE OURO;RET. 120 X 10 X 10CM ALT.- 36W - ROCHA - PENDENTE 1,5M ALT. - KALEO FELSEN;;2185.50;9.75;16
ROCHA-PD-LIN100;;RET. 100 X 10 X 10CM ALT.- 30W - ROCHA - PENDENTE 1,5M ALT. - KALEO FELSEN;;2823.23;9.75;16
ROCHA-PD-LIN100;FOLHA DE OURO;RET. 100 X 10 X 10CM ALT.- 30W - ROCHA - PENDENTE 1,5M ALT. - KALEO FELSEN;;3246.72;9.75;16
ROCHA-PD-LIN80;;RET. 80 X 10 X 10CM ALT.- 25W - ROCHA - PENDENTE 1,5M ALT. - KALEO FELSEN;;2308.95;9.75;16
ROCHA-PD-LIN80;FOLHA DE OURO;RET. 80 X 10 X 10CM ALT.- 25W - ROCHA - PENDENTE 1,5M ALT. - KALEO FELSEN;;2655.30;9.75;16
ROCHA-PD-LIN60;;RET. 60 X 10 X 10CM ALT.- 20W - ROCHA - PENDENTE 1,5M ALT. - KALEO FELSEN;;1833.63;9.75;16
ROCHA-PD-LIN60;FOLHA DE OURO;RET. 60 X 10 X 10CM ALT.- 20W - ROCHA - PENDENTE 1,5M ALT. - KALEO FELSEN;;2108.67;9.75;16
ROCHA-PD-SL-LIN120;;RET. 120 X 5 X 10CM ALT. 36W - SLIM - ROCHA - PENDENTE 1,5 ALT - KALEO FELSEN;;1917.44;9.75;16
ROCHA-PD-SL-LIN120;FOLHA DE OURO;RET. 120 X 5 X 10CM ALT. 36W - SLIM - ROCHA - PENDENTE 1,5 ALT - KALEO FELSEN;;2205.06;9.75;16
ROCHA-PD-SL-LIN100;;RET. 100 X 5 X 10CM ALT. 30W - SLIM - ROCHA - PENDENTE 1,5 ALT - KALEO FELSEN;;1719.31;9.75;16
ROCHA-PD-SL-LIN100;FOLHA DE OURO;RET. 100 X 5 X 10CM ALT. 30W - SLIM - ROCHA - PENDENTE 1,5 ALT - KALEO FELSEN;;1977.21;9.75;16
ROCHA-PD-SL-LIN80;;RET. 80 X 5 X 10CM ALT.- 25W - SLIM - ROCHA - PENDENTE 1,5M ALT. - KALEO FELSEN;;1507.57;9.75;16
ROCHA-PD-SL-LIN80;FOLHA DE OURO;RET. 80 X 5 X 10CM ALT.- 25W - SLIM - ROCHA - PENDENTE 1,5M ALT. - KALEO FELSEN;;1733.70;9.75;16
ROCHA-PD-SL-LIN60;;RET. 60 X 5 X 10CM ALT.- 20W - SLIM - ROCHA - PENDENTE 1,5M ALT. - KALEO FELSEN;;1176.97;9.75;16
ROCHA-PD-SL-LIN60;FOLHA DE OURO;RET. 60 X 5 X 10CM ALT.- 20W - SLIM - ROCHA - PENDENTE 1,5M ALT. - KALEO FELSEN;;1353.52;9.75;16
ROCHA-PD-SL-RD60;;RED. 60 X 5 X 10CM ALT.- 50W - SLIM - ROCHA - PENDENTE 1,5M ALT. - KALEO FELSEN;;2884.25;9.75;16
ROCHA-PD-SL-RD60;FOLHA DE OURO;RED. 60 X 5 X 10CM ALT.- 50W - SLIM - ROCHA - PENDENTE 1,5M ALT. - KALEO FELSEN;;3316.89;9.75;16
ROCHA-PD-SL-RD80;;RED. 80 X 5 X 10CM ALT.- 70W - SLIM - ROCHA - PENDENTE 1,5M ALT. - KALEO FELSEN;;3730.49;9.75;16
ROCHA-PD-SL-RD80;FOLHA DE OURO;RED. 80 X 5 X 10CM ALT.- 70W - SLIM - ROCHA - PENDENTE 1,5M ALT. - KALEO FELSEN;;4290.06;9.75;16
ROCHA-PD-SL-RD80-2;;RED. 02 AROS ( Ø 80 / 60CM ) X 5 X 10CM ALT.- 70W - SLIM - ROCHA - PEND. 1,5M ALT. - KALEO FELSEN;;6464.76;9.75;16
ROCHA-PD-SL-RD80-2;FOLHA DE OURO;RED. 02 AROS ( Ø 80 / 60CM ) X 5 X 10CM ALT.- 70W - SLIM - ROCHA - PEND. 1,5M ALT. - KALEO FELSEN;;7434.47;9.75;16
ROCHA-PD-SL-SEXT60;;SEXT. 60 X 5 X 10CM ALT.- 50W - SLIM - ROCHA - PENDENTE 1,5M ALT. - KALEO FELSEN;;2923.96;9.75;17
ROCHA-PD-SL-SEXT60;FOLHA DE OURO;SEXT. 60 X 5 X 10CM ALT.- 50W - SLIM - ROCHA - PENDENTE 1,5M ALT. - KALEO FELSEN;;3362.55;9.75;17
ROCHA-PD-SL-SEXT80;;SEXT. 80 X 5 X 10CM ALT.- 70W - SLIM - ROCHA - PENDENTE 1,5M ALT. - KALEO FELSEN;;3703.66;9.75;17
ROCHA-PD-SL-SEXT80;FOLHA DE OURO;SEXT. 80 X 5 X 10CM ALT.- 70W - SLIM - ROCHA - PENDENTE 1,5M ALT. - KALEO FELSEN;;4259.21;9.75;17
ROCHA-PD-SL-SEXT80-2;;SEXT. 02 AROS ( Ø 80 / 60CM ) X 5 X 10CM ALT.- 120W - SLIM - ROCHA - PEND. 1,5M ALT. - KALEO FELSEN;;6226.19;9.75;17
ROCHA-PD-SL-SEXT80-2;FOLHA DE OURO;SEXT. 02 AROS ( Ø 80 / 60CM ) X 5 X 10CM ALT.- 120W - SLIM - ROCHA - PEND. 1,5M ALT. - KALEO FELSEN;;7160.12;9.75;17
ROCHA-RT-120X40-2;;RET.120X40CM P/10 LAMP. E14 - 02 AROS - 35CM ALT. - ROCHA - PEND - FELSEN;;9812.93;9.75;17
ROCHA-RT-120X40-2;FOLHA DE OURO;RET.120X40CM P/10 LAMP. E14 - 02 AROS - 35CM ALT. - ROCHA - PEND - FELSEN;;11284.87;9.75;17
ROCHA-RT-150X50-3;;RET.150X50CM P/17 LAMP. E14 - 03 AROS - 50CM ALT. - ROCHA - PENDENTE - FELSEN;;16887.62;9.75;17
ROCHA-RT-150X50-3;FOLHA DE OURO;RET.150X50CM P/17 LAMP. E14 - 03 AROS - 50CM ALT. - ROCHA - PENDENTE - FELSEN;;19420.76;9.75;17
ROCHA-SIENA-I-40;;RED. 01 ARO Ø40CM ) - 3000K - 39W - ROCHA RET( 200/120MM ) INTERC. - KALEO FELSEN;;2177.71;9.75;17
ROCHA-SIENA-I-40;FOLHA DE OURO;RED. 01 ARO Ø40CM ) - 3000K - 39W - ROCHA RET( 200/120MM ) INTERC. - KALEO FELSEN;;2504.37;9.75;17
ROCHA-SIENA-I-60;;RED. 01 ARO Ø60CM ) - 3000K - 58W - ROCHA RET( 200/120MM ) INTERC. - KALEO FELSEN;;3144.88;9.75;17
ROCHA-SIENA-I-60;FOLHA DE OURO;RED. 01 ARO Ø60CM ) - 3000K - 58W - ROCHA RET( 200/120MM ) INTERC. - KALEO FELSEN;;3616.61;9.75;17
ROCHA-SIENA-I-60-2;;RED. 02 AROS ( Ø60 / 40CM ) - 3000K - 97W - ROCHA RET( 200/120MM ) INTERC. - KALEO FELSEN;;5142.84;9.75;17
ROCHA-SIENA-I-60-2;FOLHA DE OURO;RED. 02 AROS ( Ø60 / 40CM ) - 3000K - 97W - ROCHA RET( 200/120MM ) INTERC. - KALEO FELSEN;;5914.26;9.75;17
ROCHA-SIENA-I-80;;RED. 03 AROS ( Ø80CM ) - 3000K - 75W - ROCHA RET( 200/120MM ) INTERC. - KALEO FELSEN;;3859.89;9.75;17
ROCHA-SIENA-I-80;FOLHA DE OURO;RED. 03 AROS ( Ø80CM ) - 3000K - 75W - ROCHA RET( 200/120MM ) INTERC. - KALEO FELSEN;;4438.87;9.75;17
ROCHA-SIENA-I-80-2;;RED. 02 AROS ( Ø80 / 60CM ) - 3000K - 133W - ROCHA RET( 200/120MM ) INTERC. - KALEO FELSEN;;6568.80;9.75;17
ROCHA-SIENA-I-80-2;FOLHA DE OURO;RED. 02 AROS ( Ø80 / 60CM ) - 3000K - 133W - ROCHA RET( 200/120MM ) INTERC. - KALEO FELSEN;;7554.12;9.75;17
ROCHA-SIENA-I-80-3;;RED. 03 AROS ( Ø80 / 60 / 40CM ) - 3000K - 172W - ROCHA RET. ( 200/120MM ) INTERC. - KALEO FELSEN;;8078.93;9.75;17
ROCHA-SIENA-I-80-3;FOLHA DE OURO;RED. 03 AROS ( Ø80 / 60 / 40CM ) - 3000K - 172W - ROCHA RET. ( 200/120MM ) INTERC. - KALEO FELSEN;;9290.77;9.75;17
ROCHA-RT100X60-AL3,0;;RET. 100 X 60 CM- 11 LAMP. GU10 - MONT. ALEATORIO COM ROCHA 20CM - 3,0M ALTURA - LINHA FELSEN;;7533.39;9.75;17
ROCHA-RT100X60-AL3,0;FOLHA DE OURO;RET. 100 X 60 CM- 11 LAMP. GU10 - MONT. ALEATORIO COM ROCHA 20CM - 3,0M ALTURA - LINHA FELSEN;;8663.39;9.75;17
ROCHA-RT120X50-AL3,0;;RET. 120 X 50 CM- 10 LAMP. GU10 - MONT. ALEATORIO COM ROCHA 20CM - 3,0M ALTURA - LINHA FELSEN;;7311.73;9.75;17
ROCHA-RT120X50-AL3,0;FOLHA DE OURO;RET. 120 X 50 CM- 10 LAMP. GU10 - MONT. ALEATORIO COM ROCHA 20CM - 3,0M ALTURA - LINHA FELSEN;;8408.49;9.75;17
ROCHA-RT120X90-AL3,0;;RET. 120 X 90 CM- 16 LAMP. GU10 - MONT. ALEATORIO COM ROCHA 20CM - 3,0M ALTURA - LINHA FELSEN;;10166.95;9.75;17
ROCHA-RT120X90-AL3,0;FOLHA DE OURO;RET. 120 X 90 CM- 16 LAMP. GU10 - MONT. ALEATORIO COM ROCHA 20CM - 3,0M ALTURA - LINHA FELSEN;;11691.99;9.75;17
PEND-ROCHA;;PEND. BASTÃO ROCHA PARA 01 LÂMPADA MINIGU10;;453.38;9.75;17
PEND-ROCHA;FOLHA DE OURO;PEND. BASTÃO ROCHA PARA 01 LÂMPADA MINIGU10;;521.38;9.75;17
SARA-PEND-ROCHA;;PEND. BASTÃO ROCHA PARA 01 LÂMPADA G9 - LINHA SARA;;229.76;9.75;17
SARA-PEND-ROCHA;FOLHA DE OURO;PEND. BASTÃO ROCHA PARA 01 LÂMPADA G9 - LINHA SARA;;264.23;9.75;17
ROCHA-RT-120X40-2-PL;;RET.120X40CM P/10 LAMP. E14 - 02 AROS - 35CM ALT. - ROCHA - PLAFON - FELSEN;;9462.97;9.75;18
ROCHA-RT-120X40-2-PL;FOLHA DE OURO;RET.120X40CM P/10 LAMP. E14 - 02 AROS - 35CM ALT. - ROCHA - PLAFON - FELSEN;;10882.41;9.75;18
ROCHA-RT-150x50-3-PL;;RET.150X50CM P/17 LAMP. E14 - 03 AROS - 50CM ALT. - ROCHA - PLAFON - FELSEN;;16457.46;9.75;18
ROCHA-RT-150x50-3-PL;FOLHA DE OURO;RET.150X50CM P/17 LAMP. E14 - 03 AROS - 50CM ALT. - ROCHA - PLAFON - FELSEN;;18926.08;9.75;18
ROCHA-60-PLAFON;;RED.60CM P/09 LAMP. E14 - 03 AROS - 50CM ALTURA - ROCHA - PLAFON - FELSEN;;8403.52;9.75;18
ROCHA-60-PLAFON;FOLHA DE OURO;RED.60CM P/09 LAMP. E14 - 03 AROS - 50CM ALTURA - ROCHA - PLAFON - FELSEN;;9664.05;9.75;18
ROCHA-80-PLAFON;;RED.80CM P/16 LAMP. E14 - 04 AROS - 65CM ALTURA - ROCHA - PLAFON - FELSEN;;12489.49;9.75;18
ROCHA-80-PLAFON;FOLHA DE OURO;RED.80CM P/16 LAMP. E14 - 04 AROS - 65CM ALTURA - ROCHA - PLAFON - FELSEN;;14362.92;9.75;18
ROCHA-100-PLAFON;;RED.100CM P/23 LAMP. E14 - 04 AROS - 65CM ALTURA - ROCHA - PLAFON - FELSEN;;18125.66;9.75;18
ROCHA-100-PLAFON;FOLHA DE OURO;RED.100CM P/23 LAMP. E14 - 04 AROS - 65CM ALTURA - ROCHA - PLAFON - FELSEN;;20844.51;9.75;18
ROCHA-ARA-BAST-2;;ARANDELA 25 X 30CM ALT.- 03 LÂMP. G9 - 02 CAMADAS - BASTÃO DE ROCHA;;1476.69;9.75;19
ROCHA-ARA-BAST-2;FOLHA DE OURO;ARANDELA 25 X 30CM ALT.- 03 LÂMP. G9 - 02 CAMADAS - BASTÃO DE ROCHA;;1698.19;9.75;19
ROCHA-ARA-BAST-3;;ARANDELA 25 X 40CM ALT.- 05 LÂMP. G9 - 03 CAMADAS - BASTÃO DE ROCHA;;1868.92;9.75;19
ROCHA-ARA-BAST-3;FOLHA DE OURO;ARANDELA 25 X 40CM ALT.- 05 LÂMP. G9 - 03 CAMADAS - BASTÃO DE ROCHA;;2149.26;9.75;19
ROCHA-ARA-BAST-4;;ARANDELA 30 X 55CM ALT.- 05 LÂMP. G9 - 04 CAMADAS - BASTÃO DE ROCHA;;2564.43;9.75;19
ROCHA-ARA-BAST-4;FOLHA DE OURO;ARANDELA 30 X 55CM ALT.- 05 LÂMP. G9 - 04 CAMADAS - BASTÃO DE ROCHA;;2949.10;9.75;19
ROCHA-ARA-PL-2;;ARANDELA RET. 10 X 40CM - PLACA RET. ROCHA - 4W - LINHA FELSEN;;765.69;9.75;19
ROCHA-ARA-PL-2;FOLHA DE OURO;ARANDELA RET. 10 X 40CM - PLACA RET. ROCHA - 4W - LINHA FELSEN;;880.54;9.75;19
ROCHA-ARA-PL-RET;;ARANDELA RET. 10 X 20CM - PLACA RET. ROCHA - 2W - LINHA FELSEN;;418.71;9.75;19
ROCHA-ARA-PL-RET;FOLHA DE OURO;ARANDELA RET. 10 X 20CM - PLACA RET. ROCHA - 2W - LINHA FELSEN;;481.52;9.75;19
ROCHA-ARA-SL-LIN100;;ARANDELA LINEAR 100 X 5CM X 18CM ALT.- 30W - SLIM - ROCHA ( KALEO FELSEN );;1955.02;9.75;19
ROCHA-ARA-SL-LIN100;FOLHA DE OURO;ARANDELA LINEAR 100 X 5CM X 18CM ALT.- 30W - SLIM - ROCHA ( KALEO FELSEN );;2248.27;9.75;19
ROCHA-ARA-SL-LIN80;;ARANDELA LINEAR 80 X 5CM X 18CM ALT.- 25W - SLIM - ROCHA ( KALEO FELSEN );;1750.63;9.75;19
ROCHA-ARA-SL-LIN80;FOLHA DE OURO;ARANDELA LINEAR 80 X 5CM X 18CM ALT.- 25W - SLIM - ROCHA ( KALEO FELSEN );;2013.22;9.75;19
ROCHA-ARA-SL-LIN60;;ARANDELA LINEAR 60 X 5CM X 18CM ALT.- 18W - SLIM - ROCHA ( KALEO FELSEN );;1321.64;9.75;19
ROCHA-ARA-SL-LIN60;FOLHA DE OURO;ARANDELA LINEAR 60 X 5CM X 18CM ALT.- 18W - SLIM - ROCHA ( KALEO FELSEN );;1519.88;9.75;19
ROCHA-ARA-SL-LIN100H;;ARANDELA LINEAR 100 X 5CM X 18CM ALT.- 30W - SLIM - ROCHA - S/ HASTE ( KALEO FELSEN );;1892.45;9.75;19
ROCHA-ARA-SL-LIN100H;FOLHA DE OURO;ARANDELA LINEAR 100 X 5CM X 18CM ALT.- 30W - SLIM - ROCHA - S/ HASTE ( KALEO FELSEN );;2176.31;9.75;19
ROCHA-ARA-SL-LIN80-H;;ARANDELA LINEAR 80 X 5CM X 18CM ALT.- 25W - SLIM - ROCHA - S/ HASTE ( KALEO FELSEN );;1688.06;9.75;19
ROCHA-ARA-SL-LIN80-H;FOLHA DE OURO;ARANDELA LINEAR 80 X 5CM X 18CM ALT.- 25W - SLIM - ROCHA - S/ HASTE ( KALEO FELSEN );;1941.27;9.75;19
ROCHA-ARA-SL-LIN60-H;;ARANDELA LINEAR 60 X 5CM X 18CM ALT.- 18W - SLIM - ROCHA - S/ HASTE ( KALEO FELSEN );;1259.07;9.75;19
ROCHA-ARA-SL-LIN60-H;FOLHA DE OURO;ARANDELA LINEAR 60 X 5CM X 18CM ALT.- 18W - SLIM - ROCHA - S/ HASTE ( KALEO FELSEN );;1447.93;9.75;19
QTZO-PD-SL-LIN120;;RET. 120 X 5 X 10CM ALT.- 36W - SLIM - QUARTZO CRISTAL - PENDENTE 1,5M ALT. - KALEO FELSEN;;2816.99;9.75;20
QTZO-PD-SL-LIN120;FOLHA DE OURO;RET. 120 X 5 X 10CM ALT.- 36W - SLIM - QUARTZO CRISTAL - PENDENTE 1,5M ALT. - KALEO FELSEN;;3239.54;9.75;20
QTZO-PD-SL-LIN100;;RET. 100 X 5 X 10CM ALT.- 30W - SLIM - QUARTZO CRISTAL - PENDENTE 1,5M ALT. - KALEO FELSEN;;2380.63;9.75;20
QTZO-PD-SL-LIN100;FOLHA DE OURO;RET. 100 X 5 X 10CM ALT.- 30W - SLIM - QUARTZO CRISTAL - PENDENTE 1,5M ALT. - KALEO FELSEN;;2737.72;9.75;20
QTZO-PD-SL-LIN60;;RET. 60 X 5 X 10CM ALT.- 20W - SLIM - QUARTZO CRISTAL - PENDENTE 1,5M ALT. - KALEO FELSEN;;1602.04;9.75;20
QTZO-PD-SL-LIN60;FOLHA DE OURO;RET. 60 X 5 X 10CM ALT.- 20W - SLIM - QUARTZO CRISTAL - PENDENTE 1,5M ALT. - KALEO FELSEN;;1842.34;9.75;20
QTZO-PD-SL-LIN80;;RET. 80 X 5 X 10CM ALT.- 25W - SLIM - QUARTZO CRISTAL - PENDENTE 1,5M ALT. - KALEO FELSEN;;2014.87;9.75;20
QTZO-PD-SL-LIN80;FOLHA DE OURO;RET. 80 X 5 X 10CM ALT.- 25W - SLIM - QUARTZO CRISTAL - PENDENTE 1,5M ALT. - KALEO FELSEN;;2317.10;9.75;20
QTZO-PD-SL-RD60;;RED. 60 X 5 X 10CM ALT.- 50W - SLIM - QUARTZO CRISTAL - PENDENTE 1,5M ALT. - KALEO FELSEN;;4048.84;9.75;20
QTZO-PD-SL-RD60;FOLHA DE OURO;RED. 60 X 5 X 10CM ALT.- 50W - SLIM - QUARTZO CRISTAL - PENDENTE 1,5M ALT. - KALEO FELSEN;;4656.16;9.75;20
QTZO-PD-SL-RD80;;RED. 80 X 5 X 10CM ALT.- 70W - SLIM - QUARTZO CRISTAL - PENDENTE 1,5M ALT. - KALEO FELSEN;;5513.75;9.75;20
QTZO-PD-SL-RD80;FOLHA DE OURO;RED. 80 X 5 X 10CM ALT.- 70W - SLIM - QUARTZO CRISTAL - PENDENTE 1,5M ALT. - KALEO FELSEN;;6340.81;9.75;20
QTZO-PD-SL-RD80-2;;RED. 02 AROS (Ø80 / 60 ) X 5 X 10CM ALT.- 70W - SLIM - QUARTZO CRISTAL - PEND. 1,5M ALT.- KALEO FELSEN;;9255.28;9.75;20
QTZO-PD-SL-RD80-2;FOLHA DE OURO;RED. 02 AROS (Ø80 / 60 ) X 5 X 10CM ALT.- 70W - SLIM - QUARTZO CRISTAL - PEND. 1,5M ALT.- KALEO FELSEN;;10643.57;9.75;20
QTZO-PD-SL-SEXT60;;SEXT. 60 X 5 X 10CM ALT.- 50W - SLIM - QUARTZO CRISTAL - PENDENTE 1,5M ALT. - KALEO FELSEN;;3780.48;9.75;20
QTZO-PD-SL-SEXT60;FOLHA DE OURO;SEXT. 60 X 5 X 10CM ALT.- 50W - SLIM - QUARTZO CRISTAL - PENDENTE 1,5M ALT. - KALEO FELSEN;;4347.55;9.75;20
QTZO-PD-SL-SEXT80;;SEXT. 80 X 5 X 10CM ALT.- 70W - SLIM - QUARTZO CRISTAL - PENDENTE 1,5M ALT. - KALEO FELSEN;;4959.41;9.75;20
QTZO-PD-SL-SEXT80;FOLHA DE OURO;SEXT. 80 X 5 X 10CM ALT.- 70W - SLIM - QUARTZO CRISTAL - PENDENTE 1,5M ALT. - KALEO FELSEN;;5703.32;9.75;20
QTZO90-30PEND;;RED. 90CM X 3,0M ALT. MONT. ALEAT. - 30 PEND. QUARTZO CRISTAL PARA 30 LAMP. MINIGU10;;21098.50;9.75;20
QTZO90-30PEND;FOLHA DE OURO;RED. 90CM X 3,0M ALT. MONT. ALEAT. - 30 PEND. QUARTZO CRISTAL PARA 30 LAMP. MINIGU10;;24263.28;9.75;20
PEND-QTZO;;PEND. BASTÃO QUARTZO PARA 01 LÂMPADA MINIGU10;;848.44;9.75;20
PEND-QTZO;FOLHA DE OURO;PEND. BASTÃO QUARTZO PARA 01 LÂMPADA MINIGU10;;975.71;9.75;20
QTZO-ARA-SL-LIN100;;ARANDELA LINEAR 100 X 5CM X 18CM ALT.- 30W - SLIM - QUARTZO CRISTAL - KALEO FELSEN;;2589.13;9.75;21
QTZO-ARA-SL-LIN100;FOLHA DE OURO;ARANDELA LINEAR 100 X 5CM X 18CM ALT.- 30W - SLIM - QUARTZO CRISTAL - KALEO FELSEN;;2977.50;9.75;21
QTZO-ARA-SL-LIN80;;ARANDELA LINEAR 80 X 5CM X 18CM ALT.- 25W - SLIM - QUARTZO CRISTAL - KALEO FELSEN;;2257.93;9.75;21
QTZO-ARA-SL-LIN80;FOLHA DE OURO;ARANDELA LINEAR 80 X 5CM X 18CM ALT.- 25W - SLIM - QUARTZO CRISTAL - KALEO FELSEN;;2596.62;9.75;21
QTZO-ARA-SL-LIN60;;ARANDELA LINEAR 60 X 5CM X 18CM ALT.- 18W - SLIM - QUARTZO CRISTAL - KALEO FELSEN;;1702.10;9.75;21
QTZO-ARA-SL-LIN60;FOLHA DE OURO;ARANDELA LINEAR 60 X 5CM X 18CM ALT.- 18W - SLIM - QUARTZO CRISTAL - KALEO FELSEN;;1957.42;9.75;21
QTZO-ARA-SL-LIN100-H;;ARANDELA LINEAR 100 X 5CM X 18CM ALT.- 30W - SLIM - QUARTZO CRISTAL - S/ HASTE - KALEO FELSEN;;2526.56;9.75;21
QTZO-ARA-SL-LIN100-H;FOLHA DE OURO;ARANDELA LINEAR 100 X 5CM X 18CM ALT.- 30W - SLIM - QUARTZO CRISTAL - S/ HASTE - KALEO FELSEN;;2905.55;9.75;21
QTZO-ARA-SL-LIN80-H;;ARANDELA LINEAR 80 X 5CM X 18CM ALT.- 25W - SLIM - QUARTZO CRISTAL - S/ HASTE - KALEO FELSEN;;2195.36;9.75;21
QTZO-ARA-SL-LIN80-H;FOLHA DE OURO;ARANDELA LINEAR 80 X 5CM X 18CM ALT.- 25W - SLIM - QUARTZO CRISTAL - S/ HASTE - KALEO FELSEN;;2524.66;9.75;21
QTZO-ARA-SL-LIN60-H;;ARANDELA LINEAR 60 X 5CM X 18CM ALT.- 18W - SLIM - QUARTZO CRISTAL - S/ HASTE - KALEO FELSEN;;1639.53;9.75;21
QTZO-ARA-SL-LIN60-H;FOLHA DE OURO;ARANDELA LINEAR 60 X 5CM X 18CM ALT.- 18W - SLIM - QUARTZO CRISTAL - S/ HASTE - KALEO FELSEN;;1885.46;9.75;21
BRANCH-80-AC;;LUSTRE RED. 80CM - COR DOURADO - 08 LAMP. E14 - PENDENTE - (GALHO) - AGATA CRISTAL;;5956.72;9.75;21
BRANCH-100-AC;;LUSTRE RED. 100CM - 10 LAMP. E14 - PENDENTE - (GALHO) - AGATA CRISTAL;;8618.94;9.75;21
BRANCH-150X80-AC;;LUSTRE 150 X 80CM - 10 LAMP. E14 - PENDENTE - (GALHO) - CRISTAL AGATA CRISTAL;;13209.26;9.75;21
BRANCH-80-AZ;;LUSTRE RED. 80CM - 08 LAMP. E14 - PENDENTE - (GALHO) - AGATA AZUL;;5956.72;9.75;21
BRANCH-100-AZ;;LUSTRE RED. 100CM - 10 LAMP. E14 - PENDENTE - (GALHO) - AGATA AZUL;;8618.94;9.75;21
BRANCH-150X80-AZ;;LUSTRE 150 X 80CM - 10 LAMP. E14 - PENDENTE - (GALHO) - AGATA AZUL;;13209.26;9.75;21
BRANCH-80-LAV;;LUSTRE RED. 80CM - 08 LAMP. E14 - PENDENTE - CASTANHAS - (GALHO);ATÉ 2M DE CABO NÃO ALTERA VALOR;4813.10;9.75;21
BRANCH-100-LAV;;LUSTRE RED. 100CM - 10 LAMP. E14 - PENDENTE - CASTANHAS (GALHO);;7008.08;9.75;21
BRANCH-150X80-LAV;;LUSTRE 150 X 80CM - 10 LAMP. E14 - PENDENTE - (GALHO) - COM CASTANHAS (GALHOS);;10369.49;9.75;21
BRANCH-80;;LUSTRE RED. 80CM - 08 LAMP. E14 - PENDENTE - (GALHO);;4813.10;9.75;21
BRANCH-100;;LUSTRE RED. 100CM - 10 LAMP. E14 - PENDENTE - (GALHO);;7008.08;9.75;21
BRANCH-150X80;;LUSTRE 150 X 80CM - 10 LAMP. E14 - PENDENTE - (GALHO);;10369.49;9.75;21
BRANCH-PEND;;PENDENTE BRANCH - 50CM - DOURADO FOSCO - AMENDOA - 06 LAMP. G9 - 1,5M CABO DOURADO - (GALHO);;1470.43;9.75;21
BRANCH-80-AC-PL;;PLAFON RED. 80CM - 08 LAMP. E14 - PLAFON - (GALHO) - AGATA CRISTAL;;4800.23;9.75;22
BRANCH-100-AC-PL;;PLAFON RED. 100CM - 10 LAMP. E14 (GALHO) - AGATA CRISTAL;;6533.49;9.75;22
BRANCH-80-AZ-PL;;PLAFON RED. 80CM - 08 LAMP. E14 - PLAFON - (GALHO) - AGATA AZUL;;4800.23;9.75;22
BRANCH-100-AZ-PL;;PLAFON RED. 100CM - 10 LAMP. E14 - (GALHO) - AGATA AZUL;;6533.49;9.75;22
BRANCH-80-PL;;PLAFON RED. 80CM - 08 LAMP. E14 - (GALHO);;4065.75;9.75;22
BRANCH-100-PL;;PLAFON RED. 100CM - 10 LAMP. E14 - (GALHO);;5553.82;9.75;22
BRANCH-ARA50;;ARANDELA 50CM - 03 LAMP. G9 - ARANDELA - (GALHO);;992.92;9.75;23
BRANCH-ARA50-AC;;ARANDELA 50CM - 03 LAMP. G9 - ARANDELA - (GALHO) - AGATA CRISTAL;;1299.13;9.75;23
BRANCH-ARA50-AZ;;ARANDELA 50CM - 03 LAMP. G9 - ARANDELA - (GALHO) - AGATA AZUL;;1299.13;9.75;23
INFINITO-300-2;;LUSTRE 45CM X 1,5M - DUPLO ESPIRAL ALEAT. - 3000K - 150W - 2M DE CABO - LINHA INFINITO;;7412.09;9.75;24
INFINITO-300;;LUSTRE 45CM X 1,5M - ESPIRAL ALEAT. - 3000K - 75W - 2M DE CABO - LINHA BALLET;;3519.12;9.75;24
STREAMER-600-2;;LUSTRE 90CM X 2,5M - DUPLO ESPIRAL ALEAT. - 3000K - 300W - 3,5M PENDENTE - LINHA STREAMER;ATÉ 2M DE CABO NÃO ALTERA VALOR;14053.66;9.75;24
STREAMER-600;;LUSTRE 90CM X 2,5M - ESPIRAL ALEAT. - 3000K - 150W - PENDENTE - LINHA BALLET UNO - ALT 3,5M;;7779.70;9.75;24
EROS-600-C;;LUSTRE 150 X 100 X 30CM - 3000K - 150W - PENDENTE ( 1,5M ALT. ) - LINHA EROS;;7926.37;9.75;24
ALORG-100-1-SL;;ALIANÇA ORG. ALIANÇAS Ø100 CM - 3000K - 41W (1,50M DE ALTURA) SLIM;;2235.06;9.75;25
ALORG-100-2-SL;;ALIANÇA ORG. DUAS ALIANÇAS ( Ø100 / 80CM ) - 3000K - 72W (1,50M DE ALTURA) SLIM;;3745.93;9.75;25
ALORG-100-3-SL;;ALIANÇA ORG. TRES ALIANÇAS ( Ø100 / 80 / 60CM ) - 3000K - 95W (1,50M DE ALTURA) SLIM;;5006.82;9.75;25
ALORG-60-1-SL;;ALIANÇA ORG. ALIANÇA Ø60CM - 3000K - 23W (1,50M DE ALTURA) SLIM;;1352.80;9.75;25
ALORG-80-1-SL;;ALIANÇA ORG. ALIANÇA Ø80CM - 3000K - 31W (1,50M DE ALTURA) SLIM;;1683.65;9.75;25
ALORG-80-2-SL;;ALIANÇA ORG. DUAS ALIANÇAS ( Ø80 / 60CM ) - 3000K - 54W (1,50M DE ALTURA) SLIM;;2859.99;9.75;25
ALQU-50-1;;ALIANÇA QUADR. 50CM - 3000K - 29W (1,20M DE ALTURA);ATÉ 2M DE CABO NÃO ALTERA VALOR;1551.31;9.75;25
ALQU-50-2;;ALIANÇA QUADR. DUAS ALIANÇAS ( 50 / 30CM ) 3000K - 46W (1,20M DE ALTURA);;2337.99;9.75;25
ALQU-60-1;;ALIANÇA QUADR. 60CM - 3000K - 35W (1,20M DE ALTURA);;1852.75;9.75;25
ALQU-60-2;;ALIANÇA QUADR. DUAS ALIANÇAS ( 60 / 40CM ) 3000K - 58W (1,20M DE ALTURA);;2859.99;9.75;25
ALQU-70-1;;ALIANÇA QUADR. 70CM - 3000K - 40W (1,50M DE ALTURA);;2088.01;9.75;25
ALQU-70-2;;ALIANÇA QUADR. DUAS ALIANÇAS ( 70 / 50CM ) 3000K - 69W (1,50M DE ALTURA);;3249.66;9.75;25
ALQU-70-3;;ALIANÇA QUADR. TRES ALIANÇAS ( 70 / 50 / 30CM ) 3000K - 86W (1,50M DE ALTURA);;4150.30;9.75;25
ALQU-80-1;;ALIANÇA QUADR. 80CM - 3000K - 46W (1,50M DE ALTURA);;2334.31;9.75;25
ALQU-80-2;;ALIANÇA QUADR. DUAS ALIANÇAS ( 80 / 60CM ) 3000K - 81W (1,50M DE ALTURA);;4014.28;9.75;25
ALQU-80-3;;ALIANÇA QUADR. TRES ALIANÇAS ( 80 / 60 / 40CM ) 3000K - 104W (1,50M DE ALTURA);;5014.18;9.75;25
ALR-50-2;;ALIANÇA RED - DUAS ALIANÇAS ( Ø50/30CM ) - 3000K - 31W (1,20M DE ALTURA);;1999.79;9.75;26
ALR-60-1;;ALIANÇA RED. Ø60 CM - 3000K - 23W (1,20M DE ALTURA);;1599.10;9.75;26
ALR-60-2;;ALIANÇA RED - DUAS ALIANÇAS ( Ø60/40CM ) - 3000K - 38W (1,20M DE ALTURA);;2429.89;9.75;26
ALR-60-3;;ALIANÇA RED - TRES ALIANÇAS ( Ø60 / 40 / 20CM ) - 3000K - 45W (1,20M DE ALTURA);;2893.08;9.75;26
ALR-70-2;;ALIANÇA RED- DUAS ALIANÇAS ( Ø70 / 50CM ) - LED 3000K- 48W (1,50M DE ALTURA);;2749.71;9.75;26
ALR-70-3;;ALIANÇA RED- TRES ALIANÇAS ( Ø70 / 50 / 30CM ) - LED 3000K - 59W (1,50M DE ALTURA);;3381.99;9.75;26
ALR-80-2;;ALIANÇA RED - DUAS ALIANÇAS ( Ø80/60CM ) - 3000K - 54W (1,50M DE ALTURA);;3279.06;9.75;26
ALR-80-3;;ALIANÇA RED - TRES ALIANÇAS ( Ø80 /60 / 40CM ) - 3000K - 69W (1,50M DE ALTURA);;4124.56;9.75;26
ALR-100-3;;ALIANÇA RED. TRES ALIANÇAS ( Ø100 / 80 / 60CM ) - 3000K - 95W (1,50M DE ALTURA);;5514.12;9.75;26
ALR-100-5;;ALIANÇA RED. CINCO ALIANÇAS ( Ø100 / 80 / 60 / 40 /20 CM ) - 3000K - 117W (1,50M DE ALTURA);;6844.86;9.75;26
ALR-100-5-ESP-5,0M;;ALIANÇA RED. CINCO ALIANÇAS ( Ø100 / 90 / 80 /70 / 60 CM ) - 3000K - 161W ( 5,0M DE ALTURA);;8936.55;9.75;26
ALR-110-5-5,0M;;ALIANÇA RED. CINCO ALIANÇAS ( Ø110 / 90 / 70 / 50 / 30CM ) - 3000K - 142W (5,0M DE ALTURA);;7745.50;9.75;26
ALR-110-5-ESPECIAL;;ALIANÇA RED. CINCO ALIANÇAS ( Ø110 / 100 / 90 / 80 / 70 CM ) - 3000K - 183W (2,0M DE ALTURA);;9796.76;9.75;26
ALR-120-5;;ALIANÇA RED. CINCO ALIANÇAS ( Ø120 / 100 / 80 /60 /40CM ) - 3000K - 159W (1,50M DE ALTURA);;9201.23;9.75;26
ALR-120-11-5,0M;;ALIANÇA RED. ONZE ALIANÇAS ( Ø 120/110/100/90/80/70/60/50/40/30/20CM ) - 3000K - 301W - ( 5,0M ALTURA );;16961.44;9.75;26
ALR-40-1-SLIM;;ALIANÇA RED. Ø40 CM - 3000K - 15W (1,20M DE ALTURA) - SLIM;;1095.47;9.75;27
ALR-40-2-SLIM;;ALIANÇA RED - DUAS ALIANÇAS ( Ø40 / 20CM ) - 3000K - 22W (1,20M DE ALTURA) - SLIM;;1635.86;9.75;27
ALR-50-2-SLIM;;ALIANÇA RED - DUAS ALIANÇAS ( Ø50/30CM ) - 3000K - 31W (1,20M DE ALTURA) - SLIM;;1749.81;9.75;27
ALR-60-2-SLIM;;ALIANÇA RED - DUAS ALIANÇAS ( Ø60 / 40CM ) - 3000K - 38W (1,20M DE ALTURA)-SLIM;;2396.81;9.75;27
ALR-60-3-SLIM;;ALIANÇA RED - TRES ALIANÇAS ( Ø60 / 40 / 20CM ) - 3000K - 45W (1,2M DE ALTURA)-SLIM;ATÉ 2M DE CABO NÃO ALTERA VALOR;2746.03;9.75;27
ALR-70-2-SLIM;;ALIANÇA RED- DUAS ALIANÇAS ( Ø70 / 50CM ) - LED 3000K - 48W (1,50M DE ALTURA) - SLIM;;2610.02;9.75;27
ALR-70-3-SLIM;;ALIANÇA RED- TRES ALIANÇAS ( Ø70 / 50 / 30CM ) - LED 3000K - 59W (1,50M DE ALTURA) - SLIM;;3194.51;9.75;27
ALR-80-2-SLIM;;ALIANÇA RED - DUAS ALIANÇAS ( Ø80 /60CM ) - 3000K - 54W (1,50M DE ALTURA)-SLIM;;2904.10;9.75;27
ALR-80-3-SLIM;;ALIANÇA RED - TRES ALIANÇAS ( Ø80 /60 / 40CM ) - 3000K - 69W (1,50M DE ALTURA)-SLIM;;3543.74;9.75;27
ALR-60-1-FIX;;ALIANÇA RED. Ø60 CM - 3000K - 45W (3,5M DE ALTURA) - FIX NO TETO SEM CANOPLA;;1599.10;9.75;28
ALR-70-1-FIX;;ALIANÇA RED. Ø70 CM - 3000K - 28W (1,50M DE ALTURA) - FIX NO TETO SEM CANOPLA;ATÉ 2M DE CABO NÃO ALTERA VALOR;1746.14;9.75;28
ALR-80-1-FIX;;ALIANÇA RED. Ø80 CM - 3000K - 31W (1,50M DE ALTURA) - FIX NO TETO SEM CANOPLA;;2113.75;9.75;28
ALR-90-1-FIX;;ALIANÇA RED. Ø90 CM - 3000K - 38W (1,50M DE ALTURA) - FIX NO TETO SEM CANOPLA;SEM CANOPLA (FONTE EMBUTIDA NO GESSO);2352.69;9.75;28
ALR-100-1-FIX;;ALIANÇA RED. Ø100 CM - 3000K - 41W (1,50M DE ALTURA) - FIX NO TETO SEM CANOPLA;;2481.36;9.75;28
PLAF-ALR50;;ALIANÇA RED. Ø50 CM - 3000K - PLAFON - 20W;;1496.17;9.75;28
PLAF-ALR50-2;;ALIANÇA RED. DUAS ALIANÇAS ( Ø50 / 30CM ) - 3000K - PLAFON - 31W;;2051.25;9.75;28
PLAF-ALR60;;ALIANÇA RED. Ø60 CM - 3000K - PLAFON - 23W;;1793.93;9.75;28
PLAF-ALR60-2;;ALIANÇA RED. DUAS ALIANÇAS ( Ø60 /40 CM ) - 3000K - PLAFON - 38W;;2569.58;9.75;28
PLAF-ALR60-3;;ALIANÇA RED. TRES ALIANÇAS ( Ø60 /40 / 20CM ) - 3000K - PLAFON - 45W;;2955.57;9.75;28
PLAF-ALR80-3;;ALIANÇA RED. TRES ALIANÇAS ( Ø80 / 60 / 40 CM ) - 3000K - PLAFON - 69W;;4576.72;9.75;28
PLAF-ALR80-4;;ALIANÇA RED. QUATRO ALIANÇAS ( Ø80 / 60 / 40 /20CM ) - 3000K - PLAFON - 76W;;4981.09;9.75;28
PLAF-ALQU20;;ALIANÇA QUADR. 20 CM - 3000K - PLAFON - 10W;;494.63;9.75;29
PLAF-ALQU30;;ALIANÇA QUADR. 30 CM - 3000K - PLAFON - 17W;;1062.39;9.75;29
PLAF-ALQU40;;ALIANÇA QUADR. 40 CM - 3000K - PLAFON - 23W;;1448.38;9.75;29
PLAF-ALQU40-2;;ALIANÇA QUADR. DUAS ALIANÇAS ( 40 / 20 CM ) - 3000K - PLAFON - 33W;;1852.75;9.75;29
PLAF-ALQU50;;ALIANÇA QUADR. 50 CM - 3000K - PLAFON - 29W;;1867.45;9.75;29
PLAF-ALQU50-2;;ALIANÇA QUADR. DUAS ALIANÇAS (50 / 30 CM) - 3000K - PLAFON - 46W;;2606.34;9.75;29
PLAF-ALQU60;;ALIANÇA QUADR. 60 CM - 3000K - PLAFON - 35W;;2187.27;9.75;29
PLAF-ALQU60-2;;ALIANÇA QUADR. DUAS ALIANÇAS ( 60 /40 CM ) - 3000K - PLAFON - 58W;;3124.67;9.75;29
PLAF-ALQU60-3;;ALIANÇA QUADR. TRES ALIANÇAS ( 60 / 40 /20CM ) - 3000K - PLAFON - 68W;;3543.74;9.75;29
PLAF-ALQU100-5;;ALIANÇA QUADR. CINCO ALIANÇAS (100 / 80 / 60 /40 / 20 CM ) - 3000K - PLAFON - 172W;;9337.25;9.75;29
PLAF-ALR40-SL;;ALIANÇA RED. Ø40 CM - 3000K - PLAFON - 15W - SLIM;;1124.88;9.75;29
PLAF-ALR40-2-SL;;ALIANCA RED. DUAS ALIANCAS (40/20CM) - 3000K-PLAFON-22W-SLIM;;1437.35;9.75;29
PLAF-ALR50-2-SL;;ALIANÇA RED. DUAS ALIANÇAS ( Ø50 / 30CM ) - 3000K - PLAFON - 31W - SLIM;;1801.28;9.75;29
PLAF-ALR60-2-SL;;ALIANÇA RED. DUAS ALIANÇAS ( Ø60 /40 CM ) - 3000K - PLAFON - 38W - SLIM;;2444.59;9.75;29
PLAF-ALR60-3-SL;;ALIANÇA RED. TRES ALIANÇAS ( Ø60 /40 / 20CM ) - 3000K - PLAFON - 45W - SLIM;;2812.20;9.75;29
PLAF-ALR80-4-SL;;ALIANÇA RED. QUATRO ALIANÇAS ( Ø80 / 60 / 40 /20CM ) - 3000K - PLAFON - 76W - SLIM;;3955.46;9.75;29
PLAF-ALQU40-2-SL;;ALIANÇA QUADR. DUAS ALIANÇAS ( 40 / 20 CM ) - 3000K - PLAFON - 33W - SLIM - CROMADO;;1764.52;9.75;30
PLAF-ALQU50-2-SL;;ALIANÇA QUADR. DUAS ALIANÇAS ( 50 / 30 CM ) - 3000K - PLAFON - 46W - SLIM - CROMADO;;2481.36;9.75;30
PLAF-ALQU60-3-SL;;ALIANÇA QUADR. TRES ALIANÇAS ( 60 / 40 /20CM ) - 3000K - PLAFON - 68W - SLIM;;3069.53;9.75;30
PLAF-ALQU80-4-SL;;ALIANÇA QUADR. QUATRO ALIANÇAS (80 / 60 /40/20 CM ) - 3000K - PLAFON - 114W - SLIM;;5014.18;9.75;30
PERFIL-500;;ALIANÇA LINEAR MODULAR 50 CM - 3000K - 8W - PAREDE;;525.68;9.75;30
PERFIL-500;FOLHA DE OURO;ALIANÇA LINEAR MODULAR 50 CM - 3000K - 8W - PAREDE;;604.53;9.75;30
PERFIL-750;;ALIANÇA LINEAR MODULAR 75 CM - 3000K - 11W - PAREDE;;584.50;9.75;30
PERFIL-750;FOLHA DE OURO;ALIANÇA LINEAR MODULAR 75 CM - 3000K - 11W - PAREDE;;672.17;9.75;30
PERFIL-1000;;ALIANÇA LINEAR MODULAR 100 CM - 3000K- 15W - PAREDE;;724.19;9.75;30
PERFIL-1000;FOLHA DE OURO;ALIANÇA LINEAR MODULAR 100 CM - 3000K- 15W - PAREDE;;832.82;9.75;30
PERFIL-1500;;ALIANÇA LINEAR MODULAR 150 CM - 3000K- 23W - PAREDE;;963.13;9.75;30
PERFIL-1500;FOLHA DE OURO;ALIANÇA LINEAR MODULAR 150 CM - 3000K- 23W - PAREDE;;1107.60;9.75;30
PERFIL-2000;;ALIANÇA LINEAR MODULAR 200 CM - 3000K- 30W - PAREDE;;1183.70;9.75;30
PERFIL-2000;FOLHA DE OURO;ALIANÇA LINEAR MODULAR 200 CM - 3000K- 30W - PAREDE;;1361.25;9.75;30
PERFIL-EMB-1000;;ALIANÇA LINEAR MODULAR 100 CM - 3000K- 15W - EMBUTIDO;;573.47;9.75;30
PERFIL-EMB-1000;FOLHA DE OURO;ALIANÇA LINEAR MODULAR 100 CM - 3000K- 15W - EMBUTIDO;;659.49;9.75;30
PERFIL-EMB-1500;;ALIANÇA LINEAR MODULAR 150 CM - 3000K- 23W - EMBUTIDO;;783.01;9.75;30
PERFIL-EMB-1500;FOLHA DE OURO;ALIANÇA LINEAR MODULAR 150 CM - 3000K- 23W - EMBUTIDO;;900.46;9.75;30
PERFIL-EMB-2000;;ALIANÇA LINEAR MODULAR 200 CM - 3000K- 30W - EMBUTIDO;;1088.12;9.75;30
PERFIL-EMB-2000;FOLHA DE OURO;ALIANÇA LINEAR MODULAR 200 CM - 3000K- 30W - EMBUTIDO;;1251.34;9.75;30
PERFIL-EMB-CTO;;ALIANÇA LINEAR MODULAR 19CM X 19CM - CANTO 90º - 3000K- 5W - EMBUTIDO;;294.09;9.75;31
PERFIL-EMB-CTO;FOLHA DE OURO;ALIANÇA LINEAR MODULAR 19CM X 19CM - CANTO 90º - 3000K- 5W - EMBUTIDO;;338.20;9.75;31
ANT-100CM-ROCHA;;ANTARES 100CM X 25CM ALTURA + PENDENTE - SELENITA;;2676.19;9.75;31
ANT-100CM-ROCHA;FOLHA DE OURO;ANTARES 100CM X 25CM ALTURA + PENDENTE - SELENITA;;3077.62;9.75;31
ANT-100-MIX;;ANTARES 100CM X 25CM ALTURA + PENDENTE- MIX DE CRISTAIS K9 E ROCHA SELENITA;;3712.84;9.75;31
ANT-100-MIX;FOLHA DE OURO;ANTARES 100CM X 25CM ALTURA + PENDENTE- MIX DE CRISTAIS K9 E ROCHA SELENITA;;4269.77;9.75;31
ARC-ARA40;;ARANDELA 38 X 20 CM - 3000K - 10W;;1062.39;9.75;31
ARC-ARA40;FOLHA DE OURO;ARANDELA 38 X 20 CM - 3000K - 10W;;1221.75;9.75;31
ARC-QU60;;QUADR. 60 X 20CM ALT. - 3000K - 65W - PENDENTE - (1,50M DE ALTURA);;4793.61;9.75;31
ARC-QU60;FOLHA DE OURO;QUADR. 60 X 20CM ALT. - 3000K - 65W - PENDENTE - (1,50M DE ALTURA);;5512.65;9.75;31
ARC-QU80;;QUADR. 80 X 20CM ALT. - 3000K - 95W - PENDENTE - (1,50M DE ALTURA);;6385.35;9.75;31
ARC-QU80;FOLHA DE OURO;QUADR. 80 X 20CM ALT. - 3000K - 95W - PENDENTE - (1,50M DE ALTURA);;7343.16;9.75;31
ARC-QU100;;QUADR. 100 X 20CM ALT. - 3000K - 120W - PENDENTE - (1,50M DE ALTURA);;7866.81;9.75;31
ARC-QU100;FOLHA DE OURO;QUADR. 100 X 20CM ALT. - 3000K - 120W - PENDENTE - (1,50M DE ALTURA);;9046.84;9.75;31
ARC-RT100X60;;RET. 100 X 60 X 20CM ALT. - 3000K - 96W - PENDENTE - (1,50M DE ALTURA);;6414.76;9.75;31
ARC-RT100X60;FOLHA DE OURO;RET. 100 X 60 X 20CM ALT. - 3000K - 96W - PENDENTE - (1,50M DE ALTURA);;7376.98;9.75;31
ARC-RD60;;RED. Ø60 X 20CM ALT. - 3000K - 55W - PENDENTE - (1,50M DE ALTURA);;4117.21;9.75;31
ARC-RD60;FOLHA DE OURO;RED. Ø60 X 20CM ALT. - 3000K - 55W - PENDENTE - (1,50M DE ALTURA);;4734.79;9.75;31
ARC-RD80;;RED. Ø80 X 20CM ALT. - 3000K - 75W - PENDENTE - (1,50M DE ALTURA);;5583.97;9.75;31
ARC-RD80;FOLHA DE OURO;RED. Ø80 X 20CM ALT. - 3000K - 75W - PENDENTE - (1,50M DE ALTURA);;6421.56;9.75;31
ARC-RD100;;RED. Ø100 X 20CM ALT. - 3000K - 100W - PENDENTE - (1,50M DE ALTURA);;6933.09;9.75;31
ARC-RD100;FOLHA DE OURO;RED. Ø100 X 20CM ALT. - 3000K - 100W - PENDENTE - (1,50M DE ALTURA);;7973.05;9.75;31
RTPA-110X30-35CM;;RET. 110X30CM P/12 LAMP. G9 - MONTADO PLACAS E AMENDOAS - 35CM ALT. PLAFON/ PENDENTE;;6072.89;9.75;31
RTPA-110X30-35CM;FOLHA DE OURO;RET. 110X30CM P/12 LAMP. G9 - MONTADO PLACAS E AMENDOAS - 35CM ALT. PLAFON/ PENDENTE;;6983.82;9.75;31
RTPA-150X40-35CM;;RET. 150X40CM P/17 LAMP. G9 - MONTADO PLACAS E AMENDOAS - 35CM ALT. PLAFON/ PENDENTE;;9006.40;9.75;31
RTPA-150X40-35CM;FOLHA DE OURO;RET. 150X40CM P/17 LAMP. G9 - MONTADO PLACAS E AMENDOAS - 35CM ALT. PLAFON/ PENDENTE;;10357.36;9.75;31
CDY-100;;RED.100CM P/28 LAMP. G9 - 10 AROS - 2M ALTURA - PLACA 200X30MM - PENDENTE (+1M CORRENTE);;30893.79;9.75;32
CDY-100;FOLHA DE OURO;RED.100CM P/28 LAMP. G9 - 10 AROS - 2M ALTURA - PLACA 200X30MM - PENDENTE (+1M CORRENTE);;35527.86;9.75;32
CDY-80;;RED.80CM P/23 LAMP. G9 - 08 AROS - 1,5M ALTURA - PLACA 200X30MM - PENDENTE (+1M CORRENTE);;20622.82;9.75;32
CDY-80;FOLHA DE OURO;RED.80CM P/23 LAMP. G9 - 08 AROS - 1,5M ALTURA - PLACA 200X30MM - PENDENTE (+1M CORRENTE);;23716.24;9.75;32
CDY-80-PLF;;RED.80CM P/23 LAMP. G9 - 08 AROS - 1,5M ALTURA - PLACA 200X30MM - PLAFON;;20479.45;9.75;32
CDY-80-PLF;FOLHA DE OURO;RED.80CM P/23 LAMP. G9 - 08 AROS - 1,5M ALTURA - PLACA 200X30MM - PLAFON;;23551.37;9.75;32
CDY-100-PLF;;RED.100CM P/28 LAMP. G9 - 10 AROS - 2,0M ALTURA - PLACA 200X30MM - PLAFON;;30746.75;9.75;32
CDY-100-PLF;FOLHA DE OURO;RED.100CM P/28 LAMP. G9 - 10 AROS - 2,0M ALTURA - PLACA 200X30MM - PLAFON;;35358.76;9.75;32
SIENA-I-80-3;;RED. 03 AROS ( Ø80 / 60 / 40CM ) - 3000K - 172W - PLACAS RET( 200/120MM ) INTERCALADO;;8102.08;9.75;32
SIENA-I-80-3;FOLHA DE OURO;RED. 03 AROS ( Ø80 / 60 / 40CM ) - 3000K - 172W - PLACAS RET( 200/120MM ) INTERCALADO;;9317.40;9.75;32
RT-003;;RET. 60 X 20CM P/ 03 LAMP.GU10 INTERCALADO 60CM ALTURA (BRUMAS);;1176.35;9.75;33
RT-003;FOLHA DE OURO;RET. 60 X 20CM P/ 03 LAMP.GU10 INTERCALADO 60CM ALTURA (BRUMAS);;1352.80;9.75;33
ESF-50-1 ESF;;RED. 50CM P/06 LAMP.GU10 1,0M ALTURA UMA ESFERA (132 FIOS) (SOLAR 3);;2775.44;9.75;33
ESF-50-1 ESF;FOLHA DE OURO;RED. 50CM P/06 LAMP.GU10 1,0M ALTURA UMA ESFERA (132 FIOS) (SOLAR 3);;3191.76;9.75;33
ESF-60-1 ESF;;RED. 60CM P/07 LAMP. GU10 80CM DE ALTURA UMA ESFERA (218 FIOS) (SOLAR 3);;3940.76;9.75;33
ESF-60-1 ESF;FOLHA DE OURO;RED. 60CM P/07 LAMP. GU10 80CM DE ALTURA UMA ESFERA (218 FIOS) (SOLAR 3);;4531.87;9.75;33
ESF-60-SM-1 ESF;;"RED.60CM "" SMALL "" P/07 LAMP.GU10 1,0M DE ALTURA COM UMA ESFERA (135 FIOS) (SOLAR 3)";;2996.01;9.75;33
ESF-60-SM-1 ESF;FOLHA DE OURO;"RED.60CM "" SMALL "" P/07 LAMP.GU10 1,0M DE ALTURA COM UMA ESFERA (135 FIOS) (SOLAR 3)";;3445.41;9.75;33
ESF-80-3 ESF;;RED.80CM P/13 LAMP.GU10 3,0M ALTURA COM TRES ESFERAS (323 FIOS) (SOLAR 3);;7687.33;9.75;33
ESF-80-3 ESF;FOLHA DE OURO;RED.80CM P/13 LAMP.GU10 3,0M ALTURA COM TRES ESFERAS (323 FIOS) (SOLAR 3);;8840.43;9.75;33
ESF-100-7 ESF;;RED. 1,0M P/19 LAMP. GU10 9,0M ALTURA SETE ESFERAS (SOLAR 3);;13188.86;9.75;33
ESF-100-7 ESF;FOLHA DE OURO;RED. 1,0M P/19 LAMP. GU10 9,0M ALTURA SETE ESFERAS (SOLAR 3);;15167.19;9.75;33
ESP-001-1,0M;;RED. 18CM P/01 LAMP.GU10 ESPIRAL 1,0M ALTURA (GOTIJOS);;473.35;9.75;33
ESP-001-1,0M;FOLHA DE OURO;RED. 18CM P/01 LAMP.GU10 ESPIRAL 1,0M ALTURA (GOTIJOS);;544.36;9.75;33
ESP-003-1,0M;;RED. 32CM P/03 LAMP. GU10 ESPIRAL 1,0M ALTURA (HELIX);;680.78;9.75;33
ESP-003-1,0M;FOLHA DE OURO;RED. 32CM P/03 LAMP. GU10 ESPIRAL 1,0M ALTURA (HELIX);;782.90;9.75;33
ESP-005-1,0M;;RED. 40CM P/05 LAMP. GU10 ESPIRAL 1,0M ALTURA (HELIX);;773.85;9.75;33
ESP-005-1,0M;FOLHA DE OURO;RED. 40CM P/05 LAMP. GU10 ESPIRAL 1,0M ALTURA (HELIX);;889.93;9.75;33
ESP-50-2,0M;;RED. 50CM P/07 LAMP. GU10 ESPIRAL 2,0M ALTURA (HÉLICE);;2073.31;9.75;33
ESP-50-2,0M;FOLHA DE OURO;RED. 50CM P/07 LAMP. GU10 ESPIRAL 2,0M ALTURA (HÉLICE);;2384.31;9.75;33
ESP-60-2,0M;;RED. 60CM P/09 LAMP. GU10 ESPIRAL 2,0M ALTURA (HELICE);;2576.93;9.75;33
ESP-60-2,0M;FOLHA DE OURO;RED. 60CM P/09 LAMP. GU10 ESPIRAL 2,0M ALTURA (HELICE);;2963.47;9.75;33
ESP-60-3,0M;;RED. 60CM P/09 LAMP. GU10 ESPIRAL 3,0M ALTURA (HÉLICE);;2718.05;9.75;33
ESP-60-3,0M;FOLHA DE OURO;RED. 60CM P/09 LAMP. GU10 ESPIRAL 3,0M ALTURA (HÉLICE);;3125.75;9.75;33
ESP-80-2,0M;;RED. 80CM P/13 LAMP GU10 ESPIRAL 2,0M ALTURA (HÉLICE);;3175.46;9.75;33
ESP-80-2,0M;FOLHA DE OURO;RED. 80CM P/13 LAMP GU10 ESPIRAL 2,0M ALTURA (HÉLICE);;3651.78;9.75;33
BOL-40-3 ESF;;RED. 40CM P/ 04 LAMP. GU10 1,3M ALT. COM 3 ESF. + ESP. BOLA (ESCALAR);;1764.52;9.75;33
BOL-40-3 ESF;FOLHA DE OURO;RED. 40CM P/ 04 LAMP. GU10 1,3M ALT. COM 3 ESF. + ESP. BOLA (ESCALAR);;2029.20;9.75;33
GAROA-RT100X60-2,0M;;RET. 100 X 60 CM- 11 LAMP. GU10 - MONT. ALEATORIO COM TUBOS DE 30CM - 2,0M ALTURA - LINHA GAROA;;6855.89;9.75;33
GAROA-RT100X60-2,0M;FOLHA DE OURO;RET. 100 X 60 CM- 11 LAMP. GU10 - MONT. ALEATORIO COM TUBOS DE 30CM - 2,0M ALTURA - LINHA GAROA;;7884.28;9.75;33
GAROA-RT100X60-3,0M;;RET. 100 X 60 CM- 11 LAMP. GU10 - MONT. ALEATORIO COM TUBOS DE 30CM - 3,0M ALTURA - LINHA GAROA;;6951.47;9.75;33
GAROA-RT100X60-3,0M;FOLHA DE OURO;RET. 100 X 60 CM- 11 LAMP. GU10 - MONT. ALEATORIO COM TUBOS DE 30CM - 3,0M ALTURA - LINHA GAROA;;7994.19;9.75;33
GAROA-RT120X50-2,0M;;RET. 120 X 50 CM- 10 LAMP. GU10 - MONT. ALEATORIO COM TUBOS DE 30CM - 2,0M ALTURA - LINHA GAROA;;6940.44;9.75;33
GAROA-RT120X50-2,0M;FOLHA DE OURO;RET. 120 X 50 CM- 10 LAMP. GU10 - MONT. ALEATORIO COM TUBOS DE 30CM - 2,0M ALTURA - LINHA GAROA;;7981.51;9.75;33
GAROA-RT120X50-2,5M;;RET. 120 X 50 CM- 10 LAMP. GU10 - MONT. ALEATORIO COM TUBOS DE 30CM - 2,5M ALTURA - LINHA GAROA;;6984.55;9.75;33
GAROA-RT120X50-2,5M;FOLHA DE OURO;RET. 120 X 50 CM- 10 LAMP. GU10 - MONT. ALEATORIO COM TUBOS DE 30CM - 2,5M ALTURA - LINHA GAROA;;8032.24;9.75;33
GAROA-RT120X50-3,0M;;RET. 120 X 50 CM- 10 LAMP. GU10 - MONT. ALEATORIO COM TUBOS DE 30CM - 3,0M ALTURA - LINHA GAROA;;7138.95;9.75;33
GAROA-RT120X50-3,0M;FOLHA DE OURO;RET. 120 X 50 CM- 10 LAMP. GU10 - MONT. ALEATORIO COM TUBOS DE 30CM - 3,0M ALTURA - LINHA GAROA;;8209.79;9.75;33
GAROA-RT120X90-2,5M;;RET. 120 X 90 CM- 16 LAMP. GU10 - MONT. ALEATORIO COM TUBOS DE 30CM - 2,5M ALTURA - LINHA GAROA;;9907.04;9.75;33
GAROA-RT120X90-2,5M;FOLHA DE OURO;RET. 120 X 90 CM- 16 LAMP. GU10 - MONT. ALEATORIO COM TUBOS DE 30CM - 2,5M ALTURA - LINHA GAROA;;11393.10;9.75;33
GAROA-RT120X90-3,0M;;RET. 120 X 90 CM- 16 LAMP. GU10 - MONT. ALEATORIO COM TUBOS DE 30CM - 3,0M ALTURA - LINHA GAROA;;9969.53;9.75;33
GAROA-RT120X90-3,0M;FOLHA DE OURO;RET. 120 X 90 CM- 16 LAMP. GU10 - MONT. ALEATORIO COM TUBOS DE 30CM - 3,0M ALTURA - LINHA GAROA;;11464.96;9.75;33
COS-60-2 ESF;;RED 60CM P/10 LAMP. GU10 1,3M ALT.COM 2 ESF. + ESP PIRULITO (COSMO);;4602.45;9.75;34
COS-60-2 ESF;FOLHA DE OURO;RED 60CM P/10 LAMP. GU10 1,3M ALT.COM 2 ESF. + ESP PIRULITO (COSMO);;5292.82;9.75;34
COS-60-3 ESF;;RED 60CM P/10 LAMP. GU10 2,0M ALT.COM 3 ESF. + ESP PIRULITO (COSMO);;4845.08;9.75;34
COS-60-3 ESF;FOLHA DE OURO;RED 60CM P/10 LAMP. GU10 2,0M ALT.COM 3 ESF. + ESP PIRULITO (COSMO);;5571.84;9.75;34
COS-60-4 ESF;;RED 60CM P/10 LAMP. GU10 2,5M ALT.COM 4 ESF. + ESP PIRULITO (COSMO);;5043.58;9.75;34
COS-60-4 ESF;FOLHA DE OURO;RED 60CM P/10 LAMP. GU10 2,5M ALT.COM 4 ESF. + ESP PIRULITO (COSMO);;5800.12;9.75;34
COS-80-3 ESF;;RED 80CM P/14 LAMP. GU10 2,0M ALT.COM 3 ESF. + ESP PIRULITO (COSMO);;6183.17;9.75;34
COS-80-3 ESF;FOLHA DE OURO;RED 80CM P/14 LAMP. GU10 2,0M ALT.COM 3 ESF. + ESP PIRULITO (COSMO);;7110.64;9.75;34
COS-80-4 ESF;;RED. 80CM P/14 LAMP. GU10 3,0M ALT COM 4 ESF. + ESP PIRULITO (COSMO);;6491.96;9.75;34
COS-80-4 ESF;FOLHA DE OURO;RED. 80CM P/14 LAMP. GU10 3,0M ALT COM 4 ESF. + ESP PIRULITO (COSMO);;7465.75;9.75;34
COS-80-5 ESF;;RED. 80CM P/14 LAMP. GU10 3,5M ALT COM 5 ESF. + ESP PIRULITO (COSMO);;6655.82;9.75;34
COS-80-5 ESF;FOLHA DE OURO;RED. 80CM P/14 LAMP. GU10 3,5M ALT COM 5 ESF. + ESP PIRULITO (COSMO);;7654.19;9.75;34
COS-100-7 ESF;;RED 100CM P/ 21 LAMP. GU10 7,0M ALT.COM 7 ESF. + ESP PIRULITO (COSMO);;14402.89;9.75;34
COS-100-7 ESF;FOLHA DE OURO;RED 100CM P/ 21 LAMP. GU10 7,0M ALT.COM 7 ESF. + ESP PIRULITO (COSMO);;16563.32;9.75;34
CSC-600-7 ESF;;RED. 60CM P/12 LAMP GU10 CASCATA DE 3,0M DE ALTURA COM 7 ESFERAS (HARLEY);;3654.03;9.75;34
CSC-600-7 ESF;FOLHA DE OURO;RED. 60CM P/12 LAMP GU10 CASCATA DE 3,0M DE ALTURA COM 7 ESFERAS (HARLEY);;4202.13;9.75;34
CSC-3000-10 ESF;;RED. 80CM P/18 LAMP GU10 CASCATA COM ESFERA DE 4,0M DE ALTURA COM 10 ESF. (HARLEY);;7535.97;9.75;34
CSC-3000-10 ESF;FOLHA DE OURO;RED. 80CM P/18 LAMP GU10 CASCATA COM ESFERA DE 4,0M DE ALTURA COM 10 ESF. (HARLEY);;8666.36;9.75;34
CSC-3000-3,0M;;RED. 80CM P/ 14 LAMP. GU10 CASCATA DE 3,0M ALTURA;;5764.10;9.75;34
CSC-3000-3,0M;FOLHA DE OURO;RED. 80CM P/ 14 LAMP. GU10 CASCATA DE 3,0M ALTURA;;6628.71;9.75;34
DNA30-80CM;;RED.32CM P/03 LAMP. GU10 DNA 80CM ALTURA (GARGANTILHA);;1021.95;9.75;34
DNA30-80CM;FOLHA DE OURO;RED.32CM P/03 LAMP. GU10 DNA 80CM ALTURA (GARGANTILHA);;1175.24;9.75;34
DNA40-1,0M-SM;;"RED.40CM "" SMALL "" P/05 LAMP. GU10 DNA - 1,0M ALTURA (SLIM)";;1382.21;9.75;34
DNA40-1,0M-SM;FOLHA DE OURO;"RED.40CM "" SMALL "" P/05 LAMP. GU10 DNA - 1,0M ALTURA (SLIM)";;1589.54;9.75;34
DNA40-2,0M;;RED. 40CM P/05 LAMP. GU10 DNA DE 2,0M ALTURA;;1764.52;9.75;34
DNA40-2,0M;FOLHA DE OURO;RED. 40CM P/05 LAMP. GU10 DNA DE 2,0M ALTURA;;2029.20;9.75;34
DNA40-2,0M-SM;;"RED.40CM "" SMALL "" P/05 LAMP.GU10 DNA 2,0M ALTURA (SLIM)";;1540.28;9.75;34
DNA40-2,0M-SM;FOLHA DE OURO;"RED.40CM "" SMALL "" P/05 LAMP.GU10 DNA 2,0M ALTURA (SLIM)";;1771.32;9.75;34
DNA50-2,0M;;RED.50CM P/07 LAMP. GU10 DNA 2,0M ALTURA;;2587.96;9.75;34
DNA50-2,0M;FOLHA DE OURO;RED.50CM P/07 LAMP. GU10 DNA 2,0M ALTURA;;2976.16;9.75;34
DNA60-2,0M;;RED.60CM P/09 LAMP. GU10 DNA 2,0M ALTURA;;2948.22;9.75;34
DNA60-2,0M;FOLHA DE OURO;RED.60CM P/09 LAMP. GU10 DNA 2,0M ALTURA;;3390.45;9.75;34
DNA60-2,5M;;RED.60CM P/09 LAMP. GU10 DNA 2,5M ALTURA;;2999.68;9.75;34
DNA60-2,5M;FOLHA DE OURO;RED.60CM P/09 LAMP. GU10 DNA 2,5M ALTURA;;3449.63;9.75;34
DNA60-3,0M;;RED.60CM P/09 LAMP.GU10 DNA 3.0M ALT;;3124.67;9.75;34
DNA60-3,0M;FOLHA DE OURO;RED.60CM P/09 LAMP.GU10 DNA 3.0M ALT;;3593.37;9.75;34
DNA70-3,0M;;RED. 70CM P/17 LAMP. GU10 DNA 3,0M ALTURA;;4881.84;9.75;34
DNA70-3,0M;FOLHA DE OURO;RED. 70CM P/17 LAMP. GU10 DNA 3,0M ALTURA;;5614.11;9.75;34
DNA80-3,0M;;RED.80CM P/17 LAMP.GU10 DNA 3,0M ALTURA;;5602.35;9.75;34
DNA80-3,0M;FOLHA DE OURO;RED.80CM P/17 LAMP.GU10 DNA 3,0M ALTURA;;6442.70;9.75;34
DNA80-4,0M;;RED.80CM P/17 LAMP. GU10 DNA 4,0M ALTURA;;6021.42;9.75;34
DNA80-4,0M;FOLHA DE OURO;RED.80CM P/17 LAMP. GU10 DNA 4,0M ALTURA;;6924.63;9.75;34
DNA100-4,0M;;RED.1,0M P/ 23 LAMP.GU10 DNA 4,0M ALTURA;;7543.32;9.75;34
DNA100-4,0M;FOLHA DE OURO;RED.1,0M P/ 23 LAMP.GU10 DNA 4,0M ALTURA;;8674.82;9.75;34
TLP-100;;RED. 1,0M C/ 16 LAMP. GU10 MONTADO COM TUBOS DE 2,5M ALTURA (TULIPA);;9998.94;9.75;34
TLP-100;FOLHA DE OURO;RED. 1,0M C/ 16 LAMP. GU10 MONTADO COM TUBOS DE 2,5M ALTURA (TULIPA);;11498.78;9.75;34
TLP-80;;RED. 80CM C/ 11 LAMP. GU10 MONTADO COM TUBOS DE 1,5M ALTURA (TULIPA);;5771.45;9.75;34
TLP-80;FOLHA DE OURO;RED. 80CM C/ 11 LAMP. GU10 MONTADO COM TUBOS DE 1,5M ALTURA (TULIPA);;6637.17;9.75;34
TLP-80-2;;RED. 80CM C/ 11 LAMP. GU10 MONTADO COM TUBOS DE 3,0 À 3,5M ALTURA - 02 TULIPAS (TULIPA);;6506.66;9.75;34
TLP-80-2;FOLHA DE OURO;RED. 80CM C/ 11 LAMP. GU10 MONTADO COM TUBOS DE 3,0 À 3,5M ALTURA - 02 TULIPAS (TULIPA);;7482.66;9.75;34
TLP-60;;RED. 60CM C/ 09 LAMP. GU10 MONTADO COM TUBOS DE 1,2M ALTURA (TULIPA);;3304.80;9.75;34
TLP-60;FOLHA DE OURO;RED. 60CM C/ 09 LAMP. GU10 MONTADO COM TUBOS DE 1,2M ALTURA (TULIPA);;3800.52;9.75;34
SPACE90-3 ESF;;RED. 90CM- 06 LAMP. GU10 + 03 ALIAN. RED. Ø90CM-3000K-114W + 03 ESF. 50CM CENTRAL - 2,0M ALT.;;10300.38;9.75;34
SPACE90-3 ESF;FOLHA DE OURO;RED. 90CM- 06 LAMP. GU10 + 03 ALIAN. RED. Ø90CM-3000K-114W + 03 ESF. 50CM CENTRAL - 2,0M ALT.;;11845.44;9.75;34
SPACE90-4 ESF;;RED. 90CM- 06 LAMP. GU10 + 03 ALIAN. RED. Ø90CM-3000K-114W + 04 ESF. 50CM CENTRAL - 2,8M ALT.;;11105.44;9.75;34
SPACE90-4 ESF;FOLHA DE OURO;RED. 90CM- 06 LAMP. GU10 + 03 ALIAN. RED. Ø90CM-3000K-114W + 04 ESF. 50CM CENTRAL - 2,8M ALT.;;12771.26;9.75;34
SPACE90-5 ESF;;RED. 90CM- 06 LAMP. GU10 + 03 ALIAN. RED. Ø90CM-3000K-114W + 05 ESF. 50CM CENTRAL - 3,5M ALT.;;11609.07;9.75;34
SPACE90-5 ESF;FOLHA DE OURO;RED. 90CM- 06 LAMP. GU10 + 03 ALIAN. RED. Ø90CM-3000K-114W + 05 ESF. 50CM CENTRAL - 3,5M ALT.;;13350.43;9.75;34
VD-RD30;;RED.30CM P/03 LAMP.G9 TUBOS C/ VIDRILHOS E BOLAS - ALTURA 20CM PLAFON;;1404.26;9.75;35
VD-RD30;FOLHA DE OURO;RED.30CM P/03 LAMP.G9 TUBOS C/ VIDRILHOS E BOLAS - ALTURA 20CM PLAFON;;1614.90;9.75;35
VD-RD40;;RED.40CM P/05 LAMP.G9 TB C/ VIDRILHOS E BOLAS- ALT 20CM PLAFON;;1808.63;9.75;35
VD-RD40;FOLHA DE OURO;RED.40CM P/05 LAMP.G9 TB C/ VIDRILHOS E BOLAS- ALT 20CM PLAFON;;2079.93;9.75;35
VD-RD50;;RED.50CM P/10 LAMP.G9 TUBOS C/ VIDRILHOS E BOLAS - ALTURA 20CM PLAFON;;2562.23;9.75;35
VD-RD50;FOLHA DE OURO;RED.50CM P/10 LAMP.G9 TUBOS C/ VIDRILHOS E BOLAS - ALTURA 20CM PLAFON;;2946.56;9.75;35
VD-RD60;;RED.60CM P/12 LAMP.G9 TUBOS C/ VIDRILHOS E BOLAS - ALTURA 20CM PLAFON;;3348.91;9.75;35
VD-RD60;FOLHA DE OURO;RED.60CM P/12 LAMP.G9 TUBOS C/ VIDRILHOS E BOLAS - ALTURA 20CM PLAFON;;3851.25;9.75;35
VD-RD80;;RED.80CM P/14 LAMP.G9 TUBOS C/ VIDRILHOS E BOLAS - ALTURA 20CM PLAFON;;5113.43;9.75;35
VD-RD80;FOLHA DE OURO;RED.80CM P/14 LAMP.G9 TUBOS C/ VIDRILHOS E BOLAS - ALTURA 20CM PLAFON;;5880.44;9.75;35
VD-QU30-2;;QUAD.30CM P/5 LAMP.G9 VIDRILHO - 02 ANDARES PLAFON;;1823.34;9.75;35
VD-QU30-2;FOLHA DE OURO;QUAD.30CM P/5 LAMP.G9 VIDRILHO - 02 ANDARES PLAFON;;2096.84;9.75;35
VD-QU40-2;;QUAD.40CM P/6 LAMP.G9 VIDRILHO - 02 ANDARES PLAFON;;2867.34;9.75;35
VD-QU40-2;FOLHA DE OURO;QUAD.40CM P/6 LAMP.G9 VIDRILHO - 02 ANDARES PLAFON;;3297.45;9.75;35
VD-QU50-2;;QUAD.50CM P/10 LAMP.G9 VIDRILHO - 02 ANDR PLAFON;;4017.96;9.75;35
VD-QU50-2;FOLHA DE OURO;QUAD.50CM P/10 LAMP.G9 VIDRILHO - 02 ANDR PLAFON;;4620.65;9.75;35
VD-QU60-2;;QUAD.60CM P/12 LAMP.G9 VIDRILHO - 02 ANDARES PLAFON;;4962.71;9.75;35
VD-QU60-2;FOLHA DE OURO;QUAD.60CM P/12 LAMP.G9 VIDRILHO - 02 ANDARES PLAFON;;5707.12;9.75;35
VD-QU80-2;;QUAD.80CM P/14 LAMP.G9 VIDRILHO - 02 ANDARES PLAFON;;7686.69;9.75;35
VD-QU80-2;FOLHA DE OURO;QUAD.80CM P/14 LAMP.G9 VIDRILHO - 02 ANDARES PLAFON;;8839.69;9.75;35
VD-QU100-2;;QUAD.100CM P/21 LAMP.G9 VIDRILHO - 02 ANDARES ( 100CM / 60CM ) PLAFON;;11462.02;9.75;35
VD-QU100-2;FOLHA DE OURO;QUAD.100CM P/21 LAMP.G9 VIDRILHO - 02 ANDARES ( 100CM / 60CM ) PLAFON;;13181.33;9.75;35
VD-QU40;;QUAD.40CM P/06 LÂMP.G9 TUBOS C/ VIDRILHOS E BOLAS - ALTURA 20CM PLAFON;;2172.56;9.75;35
VD-QU40;FOLHA DE OURO;QUAD.40CM P/06 LÂMP.G9 TUBOS C/ VIDRILHOS E BOLAS - ALTURA 20CM PLAFON;;2498.45;9.75;35
VD-QU50;;QUAD.50CM P/10 LÂMP.G9 TUBOS C/ VIDRILHOS E BOLAS - ALTURA 20CM PLAFON;;3032.77;9.75;35
VD-QU50;FOLHA DE OURO;QUAD.50CM P/10 LÂMP.G9 TUBOS C/ VIDRILHOS E BOLAS - ALTURA 20CM PLAFON;;3487.68;9.75;35
RTPB-80X40;;RET. 80 X 40CM P/10 LAMP. G9 PLACAS E BOLAS 15CM ALTURA PLAFON;;3216.57;9.75;35
RTPB-80X40;FOLHA DE OURO;RET. 80 X 40CM P/10 LAMP. G9 PLACAS E BOLAS 15CM ALTURA PLAFON;;3699.06;9.75;35
RTTB-80X40;;RET. 80 X 40CM P/10 LAMP. G9 TUBOS E BOLAS 20CM ALTURA PLAFON;;3933.41;9.75;36
RTTB-80X40;FOLHA DE OURO;RET. 80 X 40CM P/10 LAMP. G9 TUBOS E BOLAS 20CM ALTURA PLAFON;;4523.42;9.75;36
RTPB-80X40-PEND;;RET. 80 X 40CM P/10 LAMP. G9 PLACAS E BOLAS 15CM ALTURA PENDENTE;;3212.90;9.75;36
RTPB-80X40-PEND;FOLHA DE OURO;RET. 80 X 40CM P/10 LAMP. G9 PLACAS E BOLAS 15CM ALTURA PENDENTE;;3694.83;9.75;36
RTTB-80X40-PEN;;RET. 80 X 40CM P/10 LAMP. HALOPIN TUBOS E BOLAS 20CM ALTURA - PENDENTE;;4408.36;9.75;36
RTTB-80X40-PEN;FOLHA DE OURO;RET. 80 X 40CM P/10 LAMP. HALOPIN TUBOS E BOLAS 20CM ALTURA - PENDENTE;;5069.61;9.75;36
QU-004;;QUAD. 32CM P/04 LAMP. GU10 INTERCALADO 50CM ALTURA;;1102.82;9.75;36
QU-004;FOLHA DE OURO;QUAD. 32CM P/04 LAMP. GU10 INTERCALADO 50CM ALTURA;;1268.25;9.75;36
QU-009;;QUAD. 47CM P/09 LAMP. GU10 INTERCALADO 90CM ALTURA;;2268.14;9.75;36
QU-009;FOLHA DE OURO;QUAD. 47CM P/09 LAMP. GU10 INTERCALADO 90CM ALTURA;;2608.36;9.75;36
QUPB-20;;QUAD.20CM P/02 LAMP. G9 PLACAS E BOLAS 15CM ALTURA PLAFON;;852.85;9.75;36
QUPB-20;FOLHA DE OURO;QUAD.20CM P/02 LAMP. G9 PLACAS E BOLAS 15CM ALTURA PLAFON;;980.78;9.75;36
QUPB-30;;QUAD. 30CM P/03 LAMP. G9 PLACAS E BOLAS 15CM ALTURA PLAFON;;1275.60;9.75;36
QUPB-30;FOLHA DE OURO;QUAD. 30CM P/03 LAMP. G9 PLACAS E BOLAS 15CM ALTURA PLAFON;;1466.94;9.75;36
QUPB-40;;QUAD. 40CM 06 LAMP. G9 PLACAS E BOLAS 15CM ALTURA PLAFON;;1804.96;9.75;36
QUPB-40;FOLHA DE OURO;QUAD. 40CM 06 LAMP. G9 PLACAS E BOLAS 15CM ALTURA PLAFON;;2075.70;9.75;36
QUPB-50;;QUAD.50 CM P/09 LAMP. G9 PLACAS E BOLAS 15CM ALTURA PLAFON;;2639.43;9.75;36
QUPB-50;FOLHA DE OURO;QUAD.50 CM P/09 LAMP. G9 PLACAS E BOLAS 15CM ALTURA PLAFON;;3035.34;9.75;36
QUPB-60;;QUAD. 60 CM 09 LAMP. G9 PLACAS E BOLAS 15CM ALTURA PLAFON;;3363.61;9.75;36
QUPB-60;FOLHA DE OURO;QUAD. 60 CM 09 LAMP. G9 PLACAS E BOLAS 15CM ALTURA PLAFON;;3868.16;9.75;36
QUTB-20;;QUAD.20 CM P/02 LAMP. G9 TUBOS E BOLAS 20CM ALTURA PLAFON;;1051.36;9.75;36
QUTB-20;FOLHA DE OURO;QUAD.20 CM P/02 LAMP. G9 TUBOS E BOLAS 20CM ALTURA PLAFON;;1209.06;9.75;36
QUTB-30;;QUAD.30 CM P/03 LAMP. G9 TUBOS E BOLAS 20CM ALTURA PLAFON;;1525.57;9.75;36
QUTB-30;FOLHA DE OURO;QUAD.30 CM P/03 LAMP. G9 TUBOS E BOLAS 20CM ALTURA PLAFON;;1754.41;9.75;36
QUTB-40;;QUAD. 40 CM 06 LAMP. G9 TUBOS E BOLAS 20CM ALTURA PLAFON;;2224.03;9.75;36
QUTB-40;FOLHA DE OURO;QUAD. 40 CM 06 LAMP. G9 TUBOS E BOLAS 20CM ALTURA PLAFON;;2557.63;9.75;36
QUTB-50;;QUAD.50 CM P/09 LAMP.G9 TUBOS E BOLAS 20CM ALTURA PLAFON;;3179.81;9.75;36
QUTB-50;FOLHA DE OURO;QUAD.50 CM P/09 LAMP.G9 TUBOS E BOLAS 20CM ALTURA PLAFON;;3656.78;9.75;36
QUTB-60;;QUAD.60 CM P/ 09 LAMP. G9 TUBOS E BOLAS 20CM ALTURA PLAFON;;4084.13;9.75;36
QUTB-60;FOLHA DE OURO;QUAD.60 CM P/ 09 LAMP. G9 TUBOS E BOLAS 20CM ALTURA PLAFON;;4696.75;9.75;36
RD-003;;RED.32CM P/03 LAMP. GU10 INTERCALADO 50CM ALTURA;;889.61;9.75;36
RD-003;FOLHA DE OURO;RED.32CM P/03 LAMP. GU10 INTERCALADO 50CM ALTURA;;1023.05;9.75;36
RD-005;;RED.40CM P/05 LAMP. GU10 INTERCALADO 70CM ALTURA;;1323.39;9.75;36
RD-005;FOLHA DE OURO;RED.40CM P/05 LAMP. GU10 INTERCALADO 70CM ALTURA;;1521.90;9.75;36
RDPB-40;;RED.40CM P/06 LAMP. G9 PLACAS E BOLAS 15CM ALTURA PLAFON;;1639.53;9.75;36
RDPB-40;FOLHA DE OURO;RED.40CM P/06 LAMP. G9 PLACAS E BOLAS 15CM ALTURA PLAFON;;1885.46;9.75;36
IN-QU30-PLACAS;;QUAD. 30 CM 05 LAMP. G9 PLACAS 25CM ALTURA PLAFON;;1974.06;9.75;37
IN-QU30-PLACAS;FOLHA DE OURO;QUAD. 30 CM 05 LAMP. G9 PLACAS 25CM ALTURA PLAFON;;2270.16;9.75;37
IN-QU40-PLACAS;;QUAD. 40CM 07LAMP. G9 PLACAS 25CM ALTURA PLAFON;;3062.18;9.75;37
IN-QU40-PLACAS;FOLHA DE OURO;QUAD. 40CM 07LAMP. G9 PLACAS 25CM ALTURA PLAFON;;3521.50;9.75;37
IN-QU50-PLACAS;;QUAD. 50CM 13LAMP.G9 PLACAS 25CM ALTURA PLAFON;;4095.15;9.75;37
IN-QU50-PLACAS;FOLHA DE OURO;QUAD. 50CM 13LAMP.G9 PLACAS 25CM ALTURA PLAFON;;4709.43;9.75;37
IN-QU60-PLACAS;;QUAD. 60 CM 13 LAMP. G9 PLACAS 25CM ALTURA PLAFON;;5175.92;9.75;37
IN-QU60-PLACAS;FOLHA DE OURO;QUAD. 60 CM 13 LAMP. G9 PLACAS 25CM ALTURA PLAFON;;5952.31;9.75;37
IN-QU80-PLACAS;;QUAD. 80 CM 17 LAMP. G9 PLACAS 25CM ALTURA PLAFON;;7844.76;9.75;37
IN-QU80-PLACAS;FOLHA DE OURO;QUAD. 80 CM 17 LAMP. G9 PLACAS 25CM ALTURA PLAFON;;9021.47;9.75;37
IN-QU50;;QUAD. 50 CM 10 LAMP. G9 PLACAS E BOLAS 15CM ALTURA PLAFON;;3433.46;9.75;37
IN-QU50;FOLHA DE OURO;QUAD. 50 CM 10 LAMP. G9 PLACAS E BOLAS 15CM ALTURA PLAFON;;3948.48;9.75;37
IN-QU60;;QUAD. 60 CM 12 LAMP. G9 PLACAS E BOLAS 15CM ALTURA PLAFON;;4275.28;9.75;37
IN-QU60;FOLHA DE OURO;QUAD. 60 CM 12 LAMP. G9 PLACAS E BOLAS 15CM ALTURA PLAFON;;4916.58;9.75;37
IN-QU80;;QUAD. 80 CM 16 LAMP. HALOPIN PLACAS E BOLAS 15CM ALTURA PLAFON;;6620.62;9.75;37
IN-QU80;FOLHA DE OURO;QUAD. 80 CM 16 LAMP. HALOPIN PLACAS E BOLAS 15CM ALTURA PLAFON;;7613.72;9.75;37
IN-RD30;;RED. 30 CM 04 LAMP. G9 PLACAS E BOLAS 15CM ALTURA PLAFON;;1360.15;9.75;37
IN-RD30;FOLHA DE OURO;RED. 30 CM 04 LAMP. G9 PLACAS E BOLAS 15CM ALTURA PLAFON;;1564.17;9.75;37
IN-RD40;;RED. 40 CM 06 LAMP. G9 PLACAS E BOLAS 15CM ALTURA PLAFON;;1970.38;9.75;37
IN-RD40;FOLHA DE OURO;RED. 40 CM 06 LAMP. G9 PLACAS E BOLAS 15CM ALTURA PLAFON;;2265.94;9.75;37
IN-RD50;;RED. 50 CM 09 LAMP. G9 PLACAS E BOLAS 15CM ALTURA PLAFON;;2705.60;9.75;37
IN-RD50;FOLHA DE OURO;RED. 50 CM 09 LAMP. G9 PLACAS E BOLAS 15CM ALTURA PLAFON;;3111.44;9.75;37
IN-RD60;;RED. 60 CM 09 LAMP. G9 PLACAS E BOLAS 15CM ALTURA PLAFON;;3429.78;9.75;37
IN-RD60;FOLHA DE OURO;RED. 60 CM 09 LAMP. G9 PLACAS E BOLAS 15CM ALTURA PLAFON;;3944.25;9.75;37
IN-RD80;;RED. 80 CM 12 LAMP. G9 PLACAS E BOLAS 15CM ALTURA PLAFON;;5403.84;9.75;37
IN-RD80;FOLHA DE OURO;RED. 80 CM 12 LAMP. G9 PLACAS E BOLAS 15CM ALTURA PLAFON;;6214.42;9.75;37
IN-RD60-2;;RED. 60 CM 10 LAMP. G9 - 02 ANDARES- PLACAS E BOLAS 20CM ALTURA PLAFON;;4006.93;9.75;37
IN-RD60-2;FOLHA DE OURO;RED. 60 CM 10 LAMP. G9 - 02 ANDARES- PLACAS E BOLAS 20CM ALTURA PLAFON;;4607.97;9.75;37
IN-RD80-2;;RED. 80 CM 12 LAMP. G9 - 02 ANDARES- PLACAS E BOLAS 20CM ALTURA PLAFON;;5918.49;9.75;37
IN-RD80-2;FOLHA DE OURO;RED. 80 CM 12 LAMP. G9 - 02 ANDARES- PLACAS E BOLAS 20CM ALTURA PLAFON;;6806.26;9.75;37
PLAF-ALR50-2-DG;;ALIANÇA RED. 50CM - DUAS ALIANÇAS ( Ø50/40CM ) - 3000K - PLAFON - 35W + PIÃO 30MM - DEGRAU;;2915.13;9.75;37
PLAF-ALR50-2-DG;FOLHA DE OURO;ALIANÇA RED. 50CM - DUAS ALIANÇAS ( Ø50/40CM ) - 3000K - PLAFON - 35W + PIÃO 30MM - DEGRAU;;3352.40;9.75;37
PLAF-ALR60-3-DG;;ALIANÇA RED. 60CM - TRES ALIANÇAS ( Ø60/50/40CM ) - 3000K - PLAFON - 57W + PIÃO 30MM - DEGRAU;;4080.45;9.75;37
PLAF-ALR60-3-DG;FOLHA DE OURO;ALIANÇA RED. 60CM - TRES ALIANÇAS ( Ø60/50/40CM ) - 3000K - PLAFON - 57W + PIÃO 30MM - DEGRAU;;4692.52;9.75;37
PLAF-ALR80-3-DG;;ALIANÇA RED. 80CM - TRES ALIANÇAS ( Ø80/70/60CM ) - 3000K - PLAFON - 82W + PIÃO 40MM - DEGRAU;;6256.69;9.75;37
PLAF-ALR80-3-DG;FOLHA DE OURO;ALIANÇA RED. 80CM - TRES ALIANÇAS ( Ø80/70/60CM ) - 3000K - PLAFON - 82W + PIÃO 40MM - DEGRAU;;7195.19;9.75;37
PLAF-ALQU100-4-DG;;ALIANÇA QUADR. 100CM - QUATRO ALIANÇAS ( 100/90/80/70CM ) - PLAFON - 196W + PIÃO 40MM - DEGRAU;;13498.57;9.75;37
PLAF-ALQU100-4-DG;FOLHA DE OURO;ALIANÇA QUADR. 100CM - QUATRO ALIANÇAS ( 100/90/80/70CM ) - PLAFON - 196W + PIÃO 40MM - DEGRAU;;15523.36;9.75;37
PLAF-ALQU80-3-DG;;ALIANÇA QUADR. 80CM - TRES ALIANÇAS ( 80/70/60CM ) - PLAFON - 121W + PIÃO 40MM - DEGRAU;;7594.78;9.75;37
PLAF-ALQU80-3-DG;FOLHA DE OURO;ALIANÇA QUADR. 80CM - TRES ALIANÇAS ( 80/70/60CM ) - PLAFON - 121W + PIÃO 40MM - DEGRAU;;8734.00;9.75;37
PLAF-ALQU60-3-DG;;ALIANÇA QUADR. 60CM - TRES ALIANÇAS ( 60/50/40CM ) - PLAFON - 87W + PIÃO 30MM - DEGRAU;;4999.47;9.75;37
PLAF-ALQU60-3-DG;FOLHA DE OURO;ALIANÇA QUADR. 60CM - TRES ALIANÇAS ( 60/50/40CM ) - PLAFON - 87W + PIÃO 30MM - DEGRAU;;5749.39;9.75;37
PASS-100X50-40CM;;PASS RET. 100 X 50CM 14 LAMP. G9 (MONT. TUBOS E BOLAS 40CM ALTURA) - PLAFON;;7837.41;9.75;37
PASS-100X50-40CM;FOLHA DE OURO;PASS RET. 100 X 50CM 14 LAMP. G9 (MONT. TUBOS E BOLAS 40CM ALTURA) - PLAFON;;9013.02;9.75;37
PASS-120X60-40CM;;PASS RET. 120 X 60CM 18 LAMP. G9 (MONT. TUBOS E BOLAS 40CM ALTURA) - PLAFON;;10462.13;9.75;37
PASS-120X60-40CM;FOLHA DE OURO;PASS RET. 120 X 60CM 18 LAMP. G9 (MONT. TUBOS E BOLAS 40CM ALTURA) - PLAFON;;12031.45;9.75;37
PASS-150X70-40CM;;PASS RET. 150 X 70CM 21 LAMP. G9 (MONT. TUBOS E BOLAS 40CM ALTURA) - PLAFON;;14119.83;9.75;37
PASS-150X70-40CM;FOLHA DE OURO;PASS RET. 150 X 70CM 21 LAMP. G9 (MONT. TUBOS E BOLAS 40CM ALTURA) - PLAFON;;16237.80;9.75;37
SUNSET-80;;LUSTRE RED. 80CM 12 LAMPADAS G9 - CRISTAL HONEY - PLAFON;;8888.77;9.75;37
SUNSET-80;FOLHA DE OURO;LUSTRE RED. 80CM 12 LAMPADAS G9 - CRISTAL HONEY - PLAFON;;10222.08;9.75;37
SUNSET-60;;LUSTRE RED. 60CM 09 LAMPADAS G9 - 25CM ALTURA - CRISTAL HONEY - PLAFON;;5631.76;9.75;37
SUNSET-60;FOLHA DE OURO;LUSTRE RED. 60CM 09 LAMPADAS G9 - 25CM ALTURA - CRISTAL HONEY - PLAFON;;6476.52;9.75;37
PPL-001;;PEND. QUAD. 15CM - 30CM ALTURA - P/01 LÂMP. G9 - PLACAS 76X22MM;;753.60;9.75;38
PPL-001;FOLHA DE OURO;PEND. QUAD. 15CM - 30CM ALTURA - P/01 LÂMP. G9 - PLACAS 76X22MM;;866.64;9.75;38
PPL-001-H;;PEND.QUAD.15CM COM PLACAS 30CM ALTURA P/01 LÂMP. G9 - HONEY;;896.96;9.75;38
PPL-001-H;FOLHA DE OURO;PEND.QUAD.15CM COM PLACAS 30CM ALTURA P/01 LÂMP. G9 - HONEY;;1031.51;9.75;38
PPL-002;;PEND. RED. 18CM - 30CM ALTURA - P/01 LÂMP. G9 - PLACAS 76X22MM;;547.81;9.75;38
PPL-002;FOLHA DE OURO;PEND. RED. 18CM - 30CM ALTURA - P/01 LÂMP. G9 - PLACAS 76X22MM;;629.99;9.75;38
PPL-002-H;;PEND. RED. 18CM COM PLACAS 30CM ALTURA P/01 LÂMP.G9 - HONEY;;547.81;9.75;38
PPL-002-H;FOLHA DE OURO;PEND. RED. 18CM COM PLACAS 30CM ALTURA P/01 LÂMP.G9 - HONEY;;629.99;9.75;38
ARA-012;;ARANDELA RETANGULAR 16CM X 60CM 06 LAMP. G9 - PLACAS 22MM (APOLO 3);;1198.40;9.75;39
ARA-012;FOLHA DE OURO;ARANDELA RETANGULAR 16CM X 60CM 06 LAMP. G9 - PLACAS 22MM (APOLO 3);;1378.16;9.75;39
ARA-012-H;;ARANDELA RETANGULAR 16CM X 60CM 06 LAMP. G9 - PLACAS 22MM - HONEY (APOLO 3);;1349.12;9.75;39
ARA-012-H;FOLHA DE OURO;ARANDELA RETANGULAR 16CM X 60CM 06 LAMP. G9 - PLACAS 22MM - HONEY (APOLO 3);;1551.49;9.75;39
ARA-002;;ARANDELA RETANGULAR 20CM X 24CM 02 LAMP. G9 - PLACAS 22MM (APOLO);;396.19;9.75;39
ARA-002;FOLHA DE OURO;ARANDELA RETANGULAR 20CM X 24CM 02 LAMP. G9 - PLACAS 22MM (APOLO);;455.62;9.75;39
ARA-002-H;;ARANDELA RETANGULAR 20CM X 24CM 02 LAMP. G9 - PLACAS 22MM HONEY (APOLO);;442.62;9.75;39
ARA-002-H;FOLHA DE OURO;ARANDELA RETANGULAR 20CM X 24CM 02 LAMP. G9 - PLACAS 22MM HONEY (APOLO);;509.01;9.75;39
ARA-003;;ARANDELA RAIADA 20CM X 24CM 02 LAMP. G9 - PLACAS 76X22MM (ÁRTEMIS);;533.03;9.75;39
ARA-003;FOLHA DE OURO;ARANDELA RAIADA 20CM X 24CM 02 LAMP. G9 - PLACAS 76X22MM (ÁRTEMIS);;612.99;9.75;39
ARA-003-H;;ARANDELA RAIADA 20CM X 24CM 02 LAMP. G9 - PLACAS 22MM HONEY (ÁRTEMIS);;599.20;9.75;39
ARA-003-H;FOLHA DE OURO;ARANDELA RAIADA 20CM X 24CM 02 LAMP. G9 - PLACAS 22MM HONEY (ÁRTEMIS);;689.08;9.75;39
ARA-024;;ARANDELA RAIADA 20CM X 100CM ALTURA - 08 LAMP. G9 - PLACAS 76X22MM;;2036.55;9.75;39
ARA-024;FOLHA DE OURO;ARANDELA RAIADA 20CM X 100CM ALTURA - 08 LAMP. G9 - PLACAS 76X22MM;;2342.03;9.75;39
ARA-024-H;;ARANDELA RAIADA 20CM X 100CM ALTURA - 08 LAMP. G9 - PLACAS - HONEY;;2308.58;9.75;39
ARA-024-H;FOLHA DE OURO;ARANDELA RAIADA 20CM X 100CM ALTURA - 08 LAMP. G9 - PLACAS - HONEY;;2654.87;9.75;39
ARA-017;;ARANDELA RAIADA 25CM X 50CM 03 LAMP. G9 - PLACAS 200X30MM;;1148.52;9.75;39
ARA-017;FOLHA DE OURO;ARANDELA RAIADA 25CM X 50CM 03 LAMP. G9 - PLACAS 200X30MM;;1320.79;9.75;39
ARA-017-H;;ARANDELA RAIADA 25CM X 50 CM - 03 LAMP. G9 - HONEY;;1235.85;9.75;39
ARA-017-H;FOLHA DE OURO;ARANDELA RAIADA 25CM X 50 CM - 03 LAMP. G9 - HONEY;;1421.23;9.75;39
IARA-CJ-LUNARES;;CONJ. CUPULAS ( 2 X Ø29LED - 3 X Ø22LED - 4 X Ø11 ) - 3000K - 50W - LINHA IARA;;2026.79;9.75;39
IARA-CJ-LUNARES;FOLHA DE OURO;CONJ. CUPULAS ( 2 X Ø29LED - 3 X Ø22LED - 4 X Ø11 ) - 3000K - 50W - LINHA IARA;;2330.81;9.75;39
TETO CRISTAL-M2-PLAC;;TETO CRISTAL - PLACAS - P/16 LAMP. - 9W SL - CATÁLOGO;;11288.28;9.75;40
TETO CRISTAL-METRO;;TETO CRISTAL - BOLAS - P/16 LAMP. G9 - 9W SL;VALOR E PESO POR M²;7936.19;9.75;40
ESPE-ORG60X80;;ESPELHO ORGÂNICO 60 X 80CM - 35W - 4000K;;797.79;9.75;41
ESPE-ORG45X60;;ESPELHO ORGÂNICO 45 X 60CM - 25W - 4000K;;560.02;9.75;41
ESPE-ORG53X70;;ESPELHO ORGÂNICO 53 X 70CM - 30W - 4000K;;675.77;9.75;41
ESPE-QU60-NAR;;ESPELHO QUADR. 60 CM - TOUCH - MOD. NARCISSUS - 34/68W;;954.22;9.75;41
ESPE-QU80-NAR;;ESPELHO QUADR. 80 CM - TOUCH - MOD. NARCISSUS - 46/92W;;1470.43;9.75;41
ESPE-QU100-NAR;;ESPELHO QUADR. 100 CM - TOUCH - MOD. NARCISSUS - 58/116W;;2080.51;9.75;41
ESPE-RED100-CAML;;ESPELHO RED. 100 CM - TOUCH - MOD. CAMELLIA - 46/92W;;2027.01;9.75;41
ESPE-RED60-CAML;;ESPELHO RED. 60 CM-TOUCH - MOD. CAMELLIA - 27/54W;;954.22;9.75;41
ESPE-RED80-CAML;;ESPELHO RED. 80 CM - TOUCH - MOD. CAMELLIA - 36/72W;;1398.48;9.75;41
ESPE-RET100X80-NAR;;ESPELHO RET. 100 X 80 CM - TOUCH - MOD. NARCISSUS - 52/104W;;1933.46;9.75;41
ESPE-RET80X60-NAR;;ESPELHO RET. 80 X 60 CM - TOUCH - MOD. NARCISSUS - 41/82W;;1345.29;9.75;41
ESPE-ORG100X150;;ESPELHO ORGÂNICO 100 X 150CM - 60W - 4000K;;2352.69;9.75;41
ESPE-ORG100X150-MOLD;;ESPELHO ORG - TAM TOTAL 116X166CM- 60W - 4000K- MOLDURA;;3455.52;9.75;41
ESPE-RET80X180-OVAL;;ESPELHO RET. OVAL 80 X 180CM - 60W - 4000K (SOMENTE LUZ INDIRETA -ACIONAMENTO PELO INTERRUPTOR);;2205.65;9.75;41
ESPE-RET80X180-STAD;;ESPELHO RET. 80 X 180 CM - TOUCH - MOD. STADIUM - 60/120W;;2933.51;9.75;41
ESPE-QU60-NAR-DF;;ESPELHO QUADR. 60 CM - TOUCH - MOD. NARCISSUS - 34/68W - - DIMERIZÁVEL COM DESEMBAÇADOR - 127V;;1129.42;9.75;42
ESPE-QU60-NAR-DF220;;ESPELHO QUADR. 60 CM - TOUCH - MOD. NARCISSUS - 34/68W - - DIMERIZÁVEL COM DESEMBAÇADOR - 220V;;1129.42;9.75;42
ESPE-QU80-NAR-DF;;ESPELHO QUADR. 80 CM - TOUCH - MOD. NARCISSUS - 46/92W - DIMERIZÁVEL COM DESEMBAÇADOR - 127V;;1651.89;9.75;42
ESPE-QU80-NAR-DF220;;ESPELHO QUADR. 80 CM - TOUCH - MOD. NARCISSUS - 46/92W - DIMERIZÁVEL COM DESMBAÇADOR - 220V;;1651.89;9.75;42
ESPE-QU100-NAR-DF;;ESPELHO QUADR. 100 CM - TOUCH - MOD. NARCISSUS - 58/116W - DIMERIZÁVEL COM DESEMBAÇADOR - 127V;;2268.22;9.75;42
ESPE-QU100-NAR-DF220;;ESPELHO QUADR. 100 CM - TOUCH - MOD. NARCISSUS - 58/116W - DIMERIZÁVEL COM DESEMBAÇADOR - 220V;;2268.22;9.75;42
ESPE-RED60-CAML-DF;;ESPELHO RED. 60 CM - TOUCH - MOD. CAMELLIA - 27/54W - DIMERIZÁVEL COM DESEMBAÇADOR - 127V;;1151.32;9.75;42
ESPE-RD60-CML-DF220;;ESPELHO RED. 60 CM - TOUCH - MOD. CAMELLIA - 27/54W - DIMERIZÁVEL COM DESEMBAÇADOR 220V;;1151.32;9.75;42
ESPE-RED80-CAML-DF;;ESPELHO RED. 80 CM - TOUCH - MOD. CAMELLIA - 36/72W - DIMERIZÁVEL COM DESEMBAÇADOR - 127V;;1561.16;9.75;42
ESPE-RD80-CML-DF220;;ESPELHO RED. 80 CM - TOUCH - MOD. CAMELLIA - 36/72W - DIMERIZÁVEL COM DESEMBAÇADOR - 220V;;1561.16;9.75;42
ESPE-RED100-CAML-DF;;ESPELHO RED. 100 CM - TOUCH - MOD. CAMELLIA - 46/92W - DIMERIZÁVEL COM DESEMBAÇADOR - 127V;;2324.53;9.75;42
ESPE-RD100-CML-DF220;;ESPELHO RED. 100 CM - TOUCH - MOD. CAMELLIA - 46/92W - DIMERIZÁVEL COM DESEMBAÇADOR - 220V;;2324.53;9.75;42
ESPE-RT100X80-NAR-DF;;ESPELHO RET. 100 X 80 CM - TOUCH - MOD. NARCISSUS - 52/104W - DIMERIZÁVEL - DESEMBAÇADOR - 127V;;2114.92;9.75;42
ESPE-RT100X80-N-D220;;ESPELHO RET. 100 X 80 CM - TOUCH - MOD. NARCISSUS - 52/104W - DIMERIZÁVEL - DESEMBAÇADOR - 220V;;2114.92;9.75;42
ESPE-RT80X60-NAR-DF;;ESPELHO RET. 80 X 60 CM - TOUCH - MOD. NARCISSUS - 41/82W - DIMERIZÁVEL - DESEMBAÇADOR - 127V;;1520.49;9.75;42
ESPE-RT80X60-N-DF220;;ESPELHO RET. 80 X 60 CM - TOUCH - MOD. NARCISSUS - 41/82W - DIMERIZÁVEL - DESEMBAÇADOR - 220V;;1650.31;9.75;42
A1501;;ARANDELA RED. 50 CM - PEDRA VITÓRIA RÉGIA E CHAPA MARTELADA - FITA DE LED 3000K 23W;;4985.60;9.75;43
A1501;FOLHA DE OURO;ARANDELA RED. 50 CM - PEDRA VITÓRIA RÉGIA E CHAPA MARTELADA - FITA DE LED 3000K 23W;;5733.44;9.75;43
A1502;;ARANDELA OVAL 150 X 30CM - PEDRA VITÓRIA REGIA E CHAPA MARTELADA - 2 ESFERAS MADEIRA - FITA DE LED 3000K- 40W;;7216.00;9.75;43
A1502;FOLHA DE OURO;ARANDELA OVAL 150 X 30CM - PEDRA VITÓRIA REGIA E CHAPA MARTELADA - 2 ESFERAS MADEIRA - FITA DE LED 3000K- 40W;;8298.40;9.75;43
AB1503;;ABAJOUR RED. 35CM - PEDRA VITORIA REGIA E CHAPA MARTELADA - ESFERA VIDRO - FITA DE LED 3000K - 24W + LAMP. G9;;3415.30;9.75;43
AB1503;FOLHA DE OURO;ABAJOUR RED. 35CM - PEDRA VITORIA REGIA E CHAPA MARTELADA - ESFERA VIDRO - FITA DE LED 3000K - 24W + LAMP. G9;;3927.60;9.75;43
P1504;;PEND. RET. 150 X 8 CM DE ALT. - PEDRA VITÓRIA RÉGIA E CHAPA MARTELADA - ESFERA MADEIRA - FITA DE LED 3000K-28W;;9905.60;9.75;43
P1504;FOLHA DE OURO;PEND. RET. 150 X 8 CM DE ALT. - PEDRA VITÓRIA RÉGIA E CHAPA MARTELADA - ESFERA MADEIRA - FITA DE LED 3000K-28W;;11391.44;9.75;43
P1505;;PEND. RET. 208 X 12 CM DE ALT. - CHAPA MARTELADA - FITA DE LED 3000K - 24W;;3579.30;9.75;43
P1505;FOLHA DE OURO;PEND. RET. 208 X 12 CM DE ALT. - CHAPA MARTELADA - FITA DE LED 3000K - 24W;;4116.20;9.75;43
A1602;;ARANDELA Ø5 X 120CM - TECIDO - FITA DE LED 3000K - 24W;;3131.40;9.75;43
A1602;FOLHA DE OURO;ARANDELA Ø5 X 120CM - TECIDO - FITA DE LED 3000K - 24W;;3601.11;9.75;43
P1603;;PEND. LINEAR Ø5 X 120CM - TECIDO - FITA LED 3000K - 24W;;3340.50;9.75;43
P1603;FOLHA DE OURO;PEND. LINEAR Ø5 X 120CM - TECIDO - FITA LED 3000K - 24W;;3841.58;9.75;43
P1605;;PEND. VERTICAL Ø5 X 120CM - TECIDO - FITA DE LED 3000K - 24W;;3483.30;9.75;43
P1605;FOLHA DE OURO;PEND. VERTICAL Ø5 X 120CM - TECIDO - FITA DE LED 3000K - 24W;;4005.80;9.75;43
C1606;;COLUNA Ø30CM X 160CM DE ALT. - TECIDO - FITA DE LED 3000K - 24W;;4564.50;9.75;43
C1606;FOLHA DE OURO;COLUNA Ø30CM X 160CM DE ALT. - TECIDO - FITA DE LED 3000K - 24W;;5249.18;9.75;43
L0205-ONIX;;PEND. HORIZONTAL - 150 CM - 06 CUPULAS Ø10CM + 02 CUPULAS Ø15CM - ONIX - FITA DE LED 3000K 20W;;3937.50;9.75;44
L0205-ONIX;FOLHA DE OURO;PEND. HORIZONTAL - 150 CM - 06 CUPULAS Ø10CM + 02 CUPULAS Ø15CM - ONIX - FITA DE LED 3000K 20W;;4528.13;9.75;44
A0213;;ARANDELA Ø40CM - ONIX Ø25CM - FITA DE LED 3000K - 10W - BASE CHAPA MARTELADA;;3208.50;9.75;44
A0213;FOLHA DE OURO;ARANDELA Ø40CM - ONIX Ø25CM - FITA DE LED 3000K - 10W - BASE CHAPA MARTELADA;;3689.78;9.75;44
ESPECIAL-L1003-4;;RED. 4 AROS (Ø60/100/80/120CM)- PLACA ROCHA - FITA DE LED 3000K 30W - PEND 2M;;0.00;9.75;44
ESPECIAL-L1003-4;FOLHA DE OURO;RED. 4 AROS (Ø60/100/80/120CM)- PLACA ROCHA - FITA DE LED 3000K 30W - PEND 2M;;0.00;9.75;44
P1703;;PEND. ROCHA Ø10CM - FITA DE LED 3000K 4W;;405.00;9.75;44
P1703;FOLHA DE OURO;PEND. ROCHA Ø10CM - FITA DE LED 3000K 4W;;465.75;9.75;44
L1705;;PEND. OVAL 160 X 15 X 20 CM DE ALT.- FITA DE LED 3000K - 80W;;5630.40;9.75;44
L1705;FOLHA DE OURO;PEND. OVAL 160 X 15 X 20 CM DE ALT.- FITA DE LED 3000K - 80W;;6474.96;9.75;44
L0118-3 AROS;;RED. 100CM - 3 AROS (Ø100/80/60CM) - 24 CUPULAS SELENITA - FITA DE LED 3000K 72W - PEND 2M;;9797.93;9.75;45
L0118-3 AROS;FOLHA DE OURO;RED. 100CM - 3 AROS (Ø100/80/60CM) - 24 CUPULAS SELENITA - FITA DE LED 3000K 72W - PEND 2M;;11267.62;9.75;45
P0220;;Ø10CM - CUPULA ROCHA SELENITA - CANOPLA ABAULADA - FITA DE LED 3000K 2W - PENDENTE 2M;;391.07;9.75;45
P0220;FOLHA DE OURO;Ø10CM - CUPULA ROCHA SELENITA - CANOPLA ABAULADA - FITA DE LED 3000K 2W - PENDENTE 2M;;391.07;9.75;45
P0221;;Ø15CM - CUPULA ROCHA SELENITA - CANOPLA ABAULADA - FITA DE LED 3000K 4W - PENDENTE 2M;;592.47;9.75;45
P0221;FOLHA DE OURO;Ø15CM - CUPULA ROCHA SELENITA - CANOPLA ABAULADA - FITA DE LED 3000K 4W - PENDENTE 2M;;592.47;9.75;45
P0222;;Ø20CM - CUPULA ROCHA SELENITA - CANOPLA ABAULADA - FITA DE LED 3000K 6W - PENDENTE 2M;;790.75;9.75;45
P0222;FOLHA DE OURO;Ø20CM - CUPULA ROCHA SELENITA - CANOPLA ABAULADA - FITA DE LED 3000K 6W - PENDENTE 2M;;790.75;9.75;45
P0220-ONIX;;Ø10CM - CUPULA ONIX - CANOPLA ABAULADA - FITA DE LED 3000K 2W - PENDENTE 2M;;414.93;9.75;45
P0220-ONIX;FOLHA DE OURO;Ø10CM - CUPULA ONIX - CANOPLA ABAULADA - FITA DE LED 3000K 2W - PENDENTE 2M;;414.93;9.75;45
P0221-ONIX;;Ø15CM - CUPULA ONIX - CANOPLA ABAULADA - FITA DE LED 3000K 4W - PENDENTE 2M;;717.62;9.75;45
P0221-ONIX;FOLHA DE OURO;Ø15CM - CUPULA ONIX - CANOPLA ABAULADA - FITA DE LED 3000K 4W - PENDENTE 2M;;717.62;9.75;45
P0222-ONIX;;Ø20CM - CUPULA ONIX - CANOPLA ABAULADA - FITA DE LED 3000K 6W - PENDENTE 2M;;1088.35;9.75;45
P0222-ONIX;FOLHA DE OURO;Ø20CM - CUPULA ONIX - CANOPLA ABAULADA - FITA DE LED 3000K 6W - PENDENTE 2M;;1088.35;9.75;45
PEND-QTZO-AURA;;PENDENTE Ø 5 X 50 CM DE ALTURA - 1 LÂMP. MINIGU10 - QUARTZO;;711.75;9.75;48
PEND-QTZO-AURA;FOLHA DE OURO;PENDENTE Ø 5 X 50 CM DE ALTURA - 1 LÂMP. MINIGU10 - QUARTZO;;818.51;9.75;48
